#
# There is insufficient memory for the Java Runtime Environment to continue.
# Native memory allocation (mmap) failed to map 65536 bytes for Failed to commit metaspace.
# Possible reasons:
#   The system is out of physical RAM or swap space
#   The process is running with CompressedOops enabled, and the Java Heap may be blocking the growth of the native heap
# Possible solutions:
#   Reduce memory load on the system
#   Increase physical memory or swap space
#   Check if swap backing store is full
#   Decrease Java heap size (-Xmx/-Xms)
#   Decrease number of Java threads
#   Decrease Java thread stack sizes (-Xss)
#   Set larger code cache with -XX:ReservedCodeCacheSize=
#   JVM is running with Unscaled Compressed Oops mode in which the Java heap is
#     placed in the first 4GB address space. The Java Heap base address is the
#     maximum limit for the native heap growth. Please use -XX:HeapBaseMinAddress
#     to set the Java Heap base and to place the Java Heap above 4GB virtual address.
# This output file may be truncated or incomplete.
#
#  Out of Memory Error (virtualSpaceNode.cpp:112), pid=10628, tid=14464
#
# JRE version: Java(TM) SE Runtime Environment (21.0.10+8) (build 21.0.10+8-LTS-217)
# Java VM: Java HotSpot(TM) 64-Bit Server VM (21.0.10+8-LTS-217, mixed mode, emulated-client, sharing, tiered, compressed oops, compressed class ptrs, g1 gc, windows-amd64)
# No core dump will be written. Minidumps are not enabled by default on client versions of Windows
#

---------------  S U M M A R Y ------------

Command Line: -XX:TieredStopAtLevel=1 com.clinica.BackendReservasApplication

Host: Intel(R) Core(TM) i3-7020U CPU @ 2.30GHz, 4 cores, 3G,  Windows 10 , 64 bit Build 19041 (10.0.19041.5915)
Time: Sat Mar 21 17:48:25 2026 Hora est. Pacífico, Sudamérica elapsed time: 14.501550 seconds (0d 0h 0m 14s)

---------------  T H R E A D  ---------------

Current thread (0x0000017cf7a30d30):  JavaThread "main"             [_thread_in_vm, id=14464, stack(0x0000005a51800000,0x0000005a51900000) (1024K)]

Stack: [0x0000005a51800000,0x0000005a51900000]
Native frames: (J=compiled Java code, j=interpreted, Vv=VM code, C=native code)
V  [jvm.dll+0x6d0b59]
V  [jvm.dll+0x85fd56]
V  [jvm.dll+0x86224e]
V  [jvm.dll+0x862923]
V  [jvm.dll+0x282a16]
V  [jvm.dll+0x85bade]
V  [jvm.dll+0x674a44]
V  [jvm.dll+0x1e7c48]
V  [jvm.dll+0x1e7a0e]
V  [jvm.dll+0x67736f]
V  [jvm.dll+0x6771a2]
V  [jvm.dll+0x67541e]
V  [jvm.dll+0x26cf60]
V  [jvm.dll+0x67f635]
V  [jvm.dll+0x218c6e]
V  [jvm.dll+0x219115]
V  [jvm.dll+0x219b1b]
V  [jvm.dll+0x20ec2e]
V  [jvm.dll+0x5b291f]
V  [jvm.dll+0x7d9d26]
V  [jvm.dll+0x475878]
V  [jvm.dll+0x47b4c8]
C  [java.dll+0x1818]

Java frames: (J=compiled Java code, j=interpreted, Vv=VM code)
J 604  java.lang.ClassLoader.defineClass1(Ljava/lang/ClassLoader;Ljava/lang/String;[BIILjava/security/ProtectionDomain;Ljava/lang/String;)Ljava/lang/Class; java.base@21.0.10 (0 bytes) @ 0x0000017cf96ed411 [0x0000017cf96ed340+0x00000000000000d1]
J 977 c1 java.lang.ClassLoader.defineClass(Ljava/lang/String;[BIILjava/security/ProtectionDomain;)Ljava/lang/Class; java.base@21.0.10 (43 bytes) @ 0x0000017cf981717c [0x0000017cf9817060+0x000000000000011c]
J 838 c1 jdk.internal.loader.BuiltinClassLoader.defineClass(Ljava/lang/String;Ljdk/internal/loader/Resource;)Ljava/lang/Class; java.base@21.0.10 (121 bytes) @ 0x0000017cf97e2e14 [0x0000017cf97e28c0+0x0000000000000554]
J 834 c1 jdk.internal.loader.BuiltinClassLoader.findClassOnClassPathOrNull(Ljava/lang/String;)Ljava/lang/Class; java.base@21.0.10 (64 bytes) @ 0x0000017cf97e1bb4 [0x0000017cf97e18e0+0x00000000000002d4]
J 455 c1 jdk.internal.loader.BuiltinClassLoader.loadClassOrNull(Ljava/lang/String;Z)Ljava/lang/Class; java.base@21.0.10 (143 bytes) @ 0x0000017cf96b65fc [0x0000017cf96b6200+0x00000000000003fc]
J 704 c1 jdk.internal.loader.ClassLoaders$AppClassLoader.loadClass(Ljava/lang/String;Z)Ljava/lang/Class; java.base@21.0.10 (40 bytes) @ 0x0000017cf97a710c [0x0000017cf97a70c0+0x000000000000004c]
J 703 c1 java.lang.ClassLoader.loadClass(Ljava/lang/String;)Ljava/lang/Class; java.base@21.0.10 (7 bytes) @ 0x0000017cf97a6514 [0x0000017cf97a64c0+0x0000000000000054]
v  ~StubRoutines::call_stub 0x0000017cf94f100d
J 604  java.lang.ClassLoader.defineClass1(Ljava/lang/ClassLoader;Ljava/lang/String;[BIILjava/security/ProtectionDomain;Ljava/lang/String;)Ljava/lang/Class; java.base@21.0.10 (0 bytes) @ 0x0000017cf96ed411 [0x0000017cf96ed340+0x00000000000000d1]
J 977 c1 java.lang.ClassLoader.defineClass(Ljava/lang/String;[BIILjava/security/ProtectionDomain;)Ljava/lang/Class; java.base@21.0.10 (43 bytes) @ 0x0000017cf981717c [0x0000017cf9817060+0x000000000000011c]
J 838 c1 jdk.internal.loader.BuiltinClassLoader.defineClass(Ljava/lang/String;Ljdk/internal/loader/Resource;)Ljava/lang/Class; java.base@21.0.10 (121 bytes) @ 0x0000017cf97e2e14 [0x0000017cf97e28c0+0x0000000000000554]
J 834 c1 jdk.internal.loader.BuiltinClassLoader.findClassOnClassPathOrNull(Ljava/lang/String;)Ljava/lang/Class; java.base@21.0.10 (64 bytes) @ 0x0000017cf97e1bb4 [0x0000017cf97e18e0+0x00000000000002d4]
J 455 c1 jdk.internal.loader.BuiltinClassLoader.loadClassOrNull(Ljava/lang/String;Z)Ljava/lang/Class; java.base@21.0.10 (143 bytes) @ 0x0000017cf96b65fc [0x0000017cf96b6200+0x00000000000003fc]
J 704 c1 jdk.internal.loader.ClassLoaders$AppClassLoader.loadClass(Ljava/lang/String;Z)Ljava/lang/Class; java.base@21.0.10 (40 bytes) @ 0x0000017cf97a710c [0x0000017cf97a70c0+0x000000000000004c]
J 703 c1 java.lang.ClassLoader.loadClass(Ljava/lang/String;)Ljava/lang/Class; java.base@21.0.10 (7 bytes) @ 0x0000017cf97a6514 [0x0000017cf97a64c0+0x0000000000000054]
v  ~StubRoutines::call_stub 0x0000017cf94f100d
j  org.hibernate.persister.internal.StandardPersisterClassResolver.singleTableEntityPersister()Ljava/lang/Class;+0
j  org.hibernate.persister.internal.StandardPersisterClassResolver.getEntityPersisterClass(Lorg/hibernate/mapping/PersistentClass;)Ljava/lang/Class;+32
j  org.hibernate.persister.internal.PersisterFactoryImpl.createEntityPersister(Lorg/hibernate/mapping/PersistentClass;Lorg/hibernate/cache/spi/access/EntityDataAccess;Lorg/hibernate/cache/spi/access/NaturalIdDataAccess;Lorg/hibernate/metamodel/spi/RuntimeModelCreationContext;)Lorg/hibernate/persister/entity/EntityPersister;+16
j  org.hibernate.metamodel.model.domain.internal.MappingMetamodelImpl.processBootEntities(Ljava/util/Collection;Lorg/hibernate/cache/spi/CacheImplementor;Lorg/hibernate/persister/spi/PersisterFactory;Lorg/hibernate/metamodel/spi/RuntimeModelCreationContext;)V+76
j  org.hibernate.metamodel.model.domain.internal.MappingMetamodelImpl.finishInitialization(Lorg/hibernate/metamodel/spi/RuntimeModelCreationContext;)V+90
j  org.hibernate.internal.SessionFactoryImpl.initializeMappingModel(Lorg/hibernate/metamodel/model/domain/internal/MappingMetamodelImpl;Lorg/hibernate/boot/spi/BootstrapContext;Lorg/hibernate/boot/spi/MetadataImplementor;Lorg/hibernate/boot/spi/SessionFactoryOptions;)V+18
j  org.hibernate.internal.SessionFactoryImpl.<init>(Lorg/hibernate/boot/spi/MetadataImplementor;Lorg/hibernate/boot/spi/SessionFactoryOptions;Lorg/hibernate/boot/spi/BootstrapContext;)V+599
j  org.hibernate.boot.internal.SessionFactoryBuilderImpl.build()Lorg/hibernate/SessionFactory;+16
j  org.hibernate.jpa.boot.internal.EntityManagerFactoryBuilderImpl.build()Ljakarta/persistence/EntityManagerFactory;+22
j  org.springframework.orm.jpa.vendor.SpringHibernateJpaPersistenceProvider.createContainerEntityManagerFactory(Ljakarta/persistence/spi/PersistenceUnitInfo;Ljava/util/Map;)Ljakarta/persistence/EntityManagerFactory;+59
j  org.springframework.orm.jpa.LocalContainerEntityManagerFactoryBean.createNativeEntityManagerFactory()Ljakarta/persistence/EntityManagerFactory;+111
j  org.springframework.orm.jpa.AbstractEntityManagerFactoryBean.buildNativeEntityManagerFactory()Ljakarta/persistence/EntityManagerFactory;+1
j  org.springframework.orm.jpa.AbstractEntityManagerFactoryBean.afterPropertiesSet()V+192
j  org.springframework.orm.jpa.LocalContainerEntityManagerFactoryBean.afterPropertiesSet()V+81
j  org.springframework.beans.factory.support.AbstractAutowireCapableBeanFactory.invokeInitMethods(Ljava/lang/String;Ljava/lang/Object;Lorg/springframework/beans/factory/support/RootBeanDefinition;)V+56
j  org.springframework.beans.factory.support.AbstractAutowireCapableBeanFactory.initializeBean(Ljava/lang/String;Ljava/lang/Object;Lorg/springframework/beans/factory/support/RootBeanDefinition;)Ljava/lang/Object;+34
j  org.springframework.beans.factory.support.AbstractAutowireCapableBeanFactory.doCreateBean(Ljava/lang/String;Lorg/springframework/beans/factory/support/RootBeanDefinition;[Ljava/lang/Object;)Ljava/lang/Object;+228
j  org.springframework.beans.factory.support.AbstractAutowireCapableBeanFactory.createBean(Ljava/lang/String;Lorg/springframework/beans/factory/support/RootBeanDefinition;[Ljava/lang/Object;)Ljava/lang/Object;+153
j  org.springframework.beans.factory.support.AbstractBeanFactory.lambda$doGetBean$0(Ljava/lang/String;Lorg/springframework/beans/factory/support/RootBeanDefinition;[Ljava/lang/Object;)Ljava/lang/Object;+4
j  org.springframework.beans.factory.support.AbstractBeanFactory$$Lambda+0x0000017c8a1dd2c0.getObject()Ljava/lang/Object;+16
j  org.springframework.beans.factory.support.DefaultSingletonBeanRegistry.getSingleton(Ljava/lang/String;Lorg/springframework/beans/factory/ObjectFactory;)Ljava/lang/Object;+687
J 2674 c1 org.springframework.beans.factory.support.AbstractBeanFactory.doGetBean(Ljava/lang/String;Ljava/lang/Class;[Ljava/lang/Object;Z)Ljava/lang/Object; (787 bytes) @ 0x0000017cf9ac302c [0x0000017cf9ac29e0+0x000000000000064c]
j  org.springframework.beans.factory.support.AbstractBeanFactory.getBean(Ljava/lang/String;)Ljava/lang/Object;+5
j  org.springframework.beans.factory.support.BeanDefinitionValueResolver.resolveReference(Ljava/lang/Object;Lorg/springframework/beans/factory/config/RuntimeBeanReference;)Ljava/lang/Object;+148
j  org.springframework.beans.factory.support.BeanDefinitionValueResolver.resolveValueIfNecessary(Ljava/lang/Object;Ljava/lang/Object;)Ljava/lang/Object;+15
j  org.springframework.beans.factory.support.ConstructorResolver.resolveConstructorArguments(Ljava/lang/String;Lorg/springframework/beans/factory/support/RootBeanDefinition;Lorg/springframework/beans/BeanWrapper;Lorg/springframework/beans/factory/config/ConstructorArgumentValues;Lorg/springframework/beans/factory/config/ConstructorArgumentValues;)I+182
j  org.springframework.beans.factory.support.ConstructorResolver.instantiateUsingFactoryMethod(Ljava/lang/String;Lorg/springframework/beans/factory/support/RootBeanDefinition;[Ljava/lang/Object;)Lorg/springframework/beans/BeanWrapper;+588
j  org.springframework.beans.factory.support.AbstractAutowireCapableBeanFactory.instantiateUsingFactoryMethod(Ljava/lang/String;Lorg/springframework/beans/factory/support/RootBeanDefinition;[Ljava/lang/Object;)Lorg/springframework/beans/BeanWrapper;+11
j  org.springframework.beans.factory.support.AbstractAutowireCapableBeanFactory.createBeanInstance(Ljava/lang/String;Lorg/springframework/beans/factory/support/RootBeanDefinition;[Ljava/lang/Object;)Lorg/springframework/beans/BeanWrapper;+93
j  org.springframework.beans.factory.support.AbstractAutowireCapableBeanFactory.doCreateBean(Ljava/lang/String;Lorg/springframework/beans/factory/support/RootBeanDefinition;[Ljava/lang/Object;)Ljava/lang/Object;+34
j  org.springframework.beans.factory.support.AbstractAutowireCapableBeanFactory.createBean(Ljava/lang/String;Lorg/springframework/beans/factory/support/RootBeanDefinition;[Ljava/lang/Object;)Ljava/lang/Object;+153
j  org.springframework.beans.factory.support.AbstractBeanFactory.lambda$doGetBean$0(Ljava/lang/String;Lorg/springframework/beans/factory/support/RootBeanDefinition;[Ljava/lang/Object;)Ljava/lang/Object;+4
j  org.springframework.beans.factory.support.AbstractBeanFactory$$Lambda+0x0000017c8a1dd2c0.getObject()Ljava/lang/Object;+16
j  org.springframework.beans.factory.support.DefaultSingletonBeanRegistry.getSingleton(Ljava/lang/String;Lorg/springframework/beans/factory/ObjectFactory;)Ljava/lang/Object;+687
J 2674 c1 org.springframework.beans.factory.support.AbstractBeanFactory.doGetBean(Ljava/lang/String;Ljava/lang/Class;[Ljava/lang/Object;Z)Ljava/lang/Object; (787 bytes) @ 0x0000017cf9ac302c [0x0000017cf9ac29e0+0x000000000000064c]
j  org.springframework.beans.factory.support.AbstractBeanFactory.getBean(Ljava/lang/String;)Ljava/lang/Object;+5
j  org.springframework.beans.factory.support.BeanDefinitionValueResolver.resolveReference(Ljava/lang/Object;Lorg/springframework/beans/factory/config/RuntimeBeanReference;)Ljava/lang/Object;+148
j  org.springframework.beans.factory.support.BeanDefinitionValueResolver.resolveValueIfNecessary(Ljava/lang/Object;Ljava/lang/Object;)Ljava/lang/Object;+15
j  org.springframework.beans.factory.support.AbstractAutowireCapableBeanFactory.applyPropertyValues(Ljava/lang/String;Lorg/springframework/beans/factory/config/BeanDefinition;Lorg/springframework/beans/BeanWrapper;Lorg/springframework/beans/PropertyValues;)V+277
j  org.springframework.beans.factory.support.AbstractAutowireCapableBeanFactory.populateBean(Ljava/lang/String;Lorg/springframework/beans/factory/support/RootBeanDefinition;Lorg/springframework/beans/BeanWrapper;)V+351
j  org.springframework.beans.factory.support.AbstractAutowireCapableBeanFactory.doCreateBean(Ljava/lang/String;Lorg/springframework/beans/factory/support/RootBeanDefinition;[Ljava/lang/Object;)Ljava/lang/Object;+220
j  org.springframework.beans.factory.support.AbstractAutowireCapableBeanFactory.createBean(Ljava/lang/String;Lorg/springframework/beans/factory/support/RootBeanDefinition;[Ljava/lang/Object;)Ljava/lang/Object;+153
j  org.springframework.beans.factory.support.AbstractBeanFactory.lambda$doGetBean$0(Ljava/lang/String;Lorg/springframework/beans/factory/support/RootBeanDefinition;[Ljava/lang/Object;)Ljava/lang/Object;+4
j  org.springframework.beans.factory.support.AbstractBeanFactory$$Lambda+0x0000017c8a1dd2c0.getObject()Ljava/lang/Object;+16
j  org.springframework.beans.factory.support.DefaultSingletonBeanRegistry.getSingleton(Ljava/lang/String;Lorg/springframework/beans/factory/ObjectFactory;)Ljava/lang/Object;+687
J 2674 c1 org.springframework.beans.factory.support.AbstractBeanFactory.doGetBean(Ljava/lang/String;Ljava/lang/Class;[Ljava/lang/Object;Z)Ljava/lang/Object; (787 bytes) @ 0x0000017cf9ac302c [0x0000017cf9ac29e0+0x000000000000064c]
j  org.springframework.beans.factory.support.AbstractBeanFactory.getBean(Ljava/lang/String;)Ljava/lang/Object;+5
j  org.springframework.beans.factory.support.DefaultListableBeanFactory.doResolveDependency(Lorg/springframework/beans/factory/config/DependencyDescriptor;Ljava/lang/String;Ljava/util/Set;Lorg/springframework/beans/TypeConverter;)Ljava/lang/Object;+346
j  org.springframework.beans.factory.support.DefaultListableBeanFactory.resolveDependency(Lorg/springframework/beans/factory/config/DependencyDescriptor;Ljava/lang/String;Ljava/util/Set;Lorg/springframework/beans/TypeConverter;)Ljava/lang/Object;+117
j  org.springframework.beans.factory.support.ConstructorResolver.resolveAutowiredArgument(Lorg/springframework/beans/factory/config/DependencyDescriptor;Ljava/lang/Class;Ljava/lang/String;Ljava/util/Set;Lorg/springframework/beans/TypeConverter;Z)Ljava/lang/Object;+56
j  org.springframework.beans.factory.support.ConstructorResolver.createArgumentArray(Ljava/lang/String;Lorg/springframework/beans/factory/support/RootBeanDefinition;Lorg/springframework/beans/factory/config/ConstructorArgumentValues;Lorg/springframework/beans/BeanWrapper;[Ljava/lang/Class;[Ljava/lang/String;Ljava/lang/reflect/Executable;ZZ)Lorg/springframework/beans/factory/support/ConstructorResolver$ArgumentsHolder;+420
j  org.springframework.beans.factory.support.ConstructorResolver.autowireConstructor(Ljava/lang/String;Lorg/springframework/beans/factory/support/RootBeanDefinition;[Ljava/lang/reflect/Constructor;[Ljava/lang/Object;)Lorg/springframework/beans/BeanWrapper;+533
j  org.springframework.beans.factory.support.AbstractAutowireCapableBeanFactory.autowireConstructor(Ljava/lang/String;Lorg/springframework/beans/factory/support/RootBeanDefinition;[Ljava/lang/reflect/Constructor;[Ljava/lang/Object;)Lorg/springframework/beans/BeanWrapper;+13
j  org.springframework.beans.factory.support.AbstractAutowireCapableBeanFactory.createBeanInstance(Ljava/lang/String;Lorg/springframework/beans/factory/support/RootBeanDefinition;[Ljava/lang/Object;)Lorg/springframework/beans/BeanWrapper;+213
j  org.springframework.beans.factory.support.AbstractAutowireCapableBeanFactory.doCreateBean(Ljava/lang/String;Lorg/springframework/beans/factory/support/RootBeanDefinition;[Ljava/lang/Object;)Ljava/lang/Object;+34
j  org.springframework.beans.factory.support.AbstractAutowireCapableBeanFactory.createBean(Ljava/lang/String;Lorg/springframework/beans/factory/support/RootBeanDefinition;[Ljava/lang/Object;)Ljava/lang/Object;+153
j  org.springframework.beans.factory.support.AbstractBeanFactory.lambda$doGetBean$0(Ljava/lang/String;Lorg/springframework/beans/factory/support/RootBeanDefinition;[Ljava/lang/Object;)Ljava/lang/Object;+4
j  org.springframework.beans.factory.support.AbstractBeanFactory$$Lambda+0x0000017c8a1dd2c0.getObject()Ljava/lang/Object;+16
j  org.springframework.beans.factory.support.DefaultSingletonBeanRegistry.getSingleton(Ljava/lang/String;Lorg/springframework/beans/factory/ObjectFactory;)Ljava/lang/Object;+687
J 2674 c1 org.springframework.beans.factory.support.AbstractBeanFactory.doGetBean(Ljava/lang/String;Ljava/lang/Class;[Ljava/lang/Object;Z)Ljava/lang/Object; (787 bytes) @ 0x0000017cf9ac302c [0x0000017cf9ac29e0+0x000000000000064c]
j  org.springframework.beans.factory.support.AbstractBeanFactory.getBean(Ljava/lang/String;)Ljava/lang/Object;+5
j  org.springframework.beans.factory.config.DependencyDescriptor.resolveCandidate(Ljava/lang/String;Ljava/lang/Class;Lorg/springframework/beans/factory/BeanFactory;)Ljava/lang/Object;+2
j  org.springframework.beans.factory.support.DefaultListableBeanFactory.doResolveDependency(Lorg/springframework/beans/factory/config/DependencyDescriptor;Ljava/lang/String;Ljava/util/Set;Lorg/springframework/beans/TypeConverter;)Ljava/lang/Object;+641
j  org.springframework.beans.factory.support.DefaultListableBeanFactory.resolveDependency(Lorg/springframework/beans/factory/config/DependencyDescriptor;Ljava/lang/String;Ljava/util/Set;Lorg/springframework/beans/TypeConverter;)Ljava/lang/Object;+117
j  org.springframework.beans.factory.support.ConstructorResolver.resolveAutowiredArgument(Lorg/springframework/beans/factory/config/DependencyDescriptor;Ljava/lang/Class;Ljava/lang/String;Ljava/util/Set;Lorg/springframework/beans/TypeConverter;Z)Ljava/lang/Object;+56
j  org.springframework.beans.factory.support.ConstructorResolver.createArgumentArray(Ljava/lang/String;Lorg/springframework/beans/factory/support/RootBeanDefinition;Lorg/springframework/beans/factory/config/ConstructorArgumentValues;Lorg/springframework/beans/BeanWrapper;[Ljava/lang/Class;[Ljava/lang/String;Ljava/lang/reflect/Executable;ZZ)Lorg/springframework/beans/factory/support/ConstructorResolver$ArgumentsHolder;+420
j  org.springframework.beans.factory.support.ConstructorResolver.autowireConstructor(Ljava/lang/String;Lorg/springframework/beans/factory/support/RootBeanDefinition;[Ljava/lang/reflect/Constructor;[Ljava/lang/Object;)Lorg/springframework/beans/BeanWrapper;+533
j  org.springframework.beans.factory.support.AbstractAutowireCapableBeanFactory.autowireConstructor(Ljava/lang/String;Lorg/springframework/beans/factory/support/RootBeanDefinition;[Ljava/lang/reflect/Constructor;[Ljava/lang/Object;)Lorg/springframework/beans/BeanWrapper;+13
j  org.springframework.beans.factory.support.AbstractAutowireCapableBeanFactory.createBeanInstance(Ljava/lang/String;Lorg/springframework/beans/factory/support/RootBeanDefinition;[Ljava/lang/Object;)Lorg/springframework/beans/BeanWrapper;+213
j  org.springframework.beans.factory.support.AbstractAutowireCapableBeanFactory.doCreateBean(Ljava/lang/String;Lorg/springframework/beans/factory/support/RootBeanDefinition;[Ljava/lang/Object;)Ljava/lang/Object;+34
j  org.springframework.beans.factory.support.AbstractAutowireCapableBeanFactory.createBean(Ljava/lang/String;Lorg/springframework/beans/factory/support/RootBeanDefinition;[Ljava/lang/Object;)Ljava/lang/Object;+153
j  org.springframework.beans.factory.support.AbstractBeanFactory.lambda$doGetBean$0(Ljava/lang/String;Lorg/springframework/beans/factory/support/RootBeanDefinition;[Ljava/lang/Object;)Ljava/lang/Object;+4
j  org.springframework.beans.factory.support.AbstractBeanFactory$$Lambda+0x0000017c8a1dd2c0.getObject()Ljava/lang/Object;+16
j  org.springframework.beans.factory.support.DefaultSingletonBeanRegistry.getSingleton(Ljava/lang/String;Lorg/springframework/beans/factory/ObjectFactory;)Ljava/lang/Object;+687
J 2674 c1 org.springframework.beans.factory.support.AbstractBeanFactory.doGetBean(Ljava/lang/String;Ljava/lang/Class;[Ljava/lang/Object;Z)Ljava/lang/Object; (787 bytes) @ 0x0000017cf9ac302c [0x0000017cf9ac29e0+0x000000000000064c]
J 2678 c1 org.springframework.beans.factory.support.AbstractBeanFactory.getBean(Ljava/lang/String;Ljava/lang/Class;)Ljava/lang/Object; (9 bytes) @ 0x0000017cf9abe194 [0x0000017cf9abe140+0x0000000000000054]
j  org.springframework.boot.web.servlet.ServletContextInitializerBeans.getOrderedBeansOfType(Lorg/springframework/beans/factory/ListableBeanFactory;Ljava/lang/Class;Lorg/springframework/boot/web/servlet/ServletContextInitializerBeans$Seen;)Ljava/util/List;+68
j  org.springframework.boot.web.servlet.ServletContextInitializerBeans.addAsRegistrationBean(Lorg/springframework/beans/factory/ListableBeanFactory;Ljava/lang/Class;Ljava/lang/Class;Lorg/springframework/boot/web/servlet/ServletContextInitializerBeans$RegistrationBeanAdapter;)V+7
j  org.springframework.boot.web.servlet.ServletContextInitializerBeans.addAsRegistrationBean(Lorg/springframework/beans/factory/ListableBeanFactory;Ljava/lang/Class;Lorg/springframework/boot/web/servlet/ServletContextInitializerBeans$RegistrationBeanAdapter;)V+5
j  org.springframework.boot.web.servlet.ServletContextInitializerBeans.addAdaptableBeans(Lorg/springframework/beans/factory/ListableBeanFactory;)V+32
j  org.springframework.boot.web.servlet.ServletContextInitializerBeans.<init>(Lorg/springframework/beans/factory/ListableBeanFactory;[Ljava/lang/Class;)V+54
j  org.springframework.boot.web.servlet.context.ServletWebServerApplicationContext.getServletContextInitializerBeans()Ljava/util/Collection;+12
j  org.springframework.boot.web.servlet.context.ServletWebServerApplicationContext.selfInitialize(Ljakarta/servlet/ServletContext;)V+19
j  org.springframework.boot.web.servlet.context.ServletWebServerApplicationContext$$Lambda+0x0000017c8a405a88.onStartup(Ljakarta/servlet/ServletContext;)V+5
j  org.springframework.boot.web.embedded.tomcat.TomcatStarter.onStartup(Ljava/util/Set;Ljakarta/servlet/ServletContext;)V+28
j  org.apache.catalina.core.StandardContext.startInternal()V+1059
j  org.apache.catalina.util.LifecycleBase.start()V+210
j  org.apache.catalina.core.ContainerBase$StartChild.call()Ljava/lang/Void;+4
j  org.apache.catalina.core.ContainerBase$StartChild.call()Ljava/lang/Object;+1
j  java.util.concurrent.FutureTask.run()V+39 java.base@21.0.10
j  org.apache.tomcat.util.threads.InlineExecutorService.execute(Ljava/lang/Runnable;)V+38
j  java.util.concurrent.AbstractExecutorService.submit(Ljava/util/concurrent/Callable;)Ljava/util/concurrent/Future;+20 java.base@21.0.10
j  org.apache.catalina.core.ContainerBase.startInternal()V+116
j  org.apache.catalina.core.StandardHost.startInternal()V+179
j  org.apache.catalina.util.LifecycleBase.start()V+210
j  org.apache.catalina.core.ContainerBase$StartChild.call()Ljava/lang/Void;+4
j  org.apache.catalina.core.ContainerBase$StartChild.call()Ljava/lang/Object;+1
j  java.util.concurrent.FutureTask.run()V+39 java.base@21.0.10
j  org.apache.tomcat.util.threads.InlineExecutorService.execute(Ljava/lang/Runnable;)V+38
j  java.util.concurrent.AbstractExecutorService.submit(Ljava/util/concurrent/Callable;)Ljava/util/concurrent/Future;+20 java.base@21.0.10
j  org.apache.catalina.core.ContainerBase.startInternal()V+116
j  org.apache.catalina.core.StandardEngine.startInternal()V+38
j  org.apache.catalina.util.LifecycleBase.start()V+210
j  org.apache.catalina.core.StandardService.startInternal()V+57
j  org.apache.catalina.util.LifecycleBase.start()V+210
j  org.apache.catalina.core.StandardServer.startInternal()V+84
j  org.apache.catalina.util.LifecycleBase.start()V+210
j  org.apache.catalina.startup.Tomcat.start()V+9
j  org.springframework.boot.web.embedded.tomcat.TomcatWebServer.initialize()V+55
j  org.springframework.boot.web.embedded.tomcat.TomcatWebServer.<init>(Lorg/apache/catalina/startup/Tomcat;ZLorg/springframework/boot/web/server/Shutdown;)V+66
j  org.springframework.boot.web.embedded.tomcat.TomcatServletWebServerFactory.getTomcatWebServer(Lorg/apache/catalina/startup/Tomcat;)Lorg/springframework/boot/web/embedded/tomcat/TomcatWebServer;+21
j  org.springframework.boot.web.embedded.tomcat.TomcatServletWebServerFactory.getWebServer([Lorg/springframework/boot/web/servlet/ServletContextInitializer;)Lorg/springframework/boot/web/server/WebServer;+226
j  org.springframework.boot.web.servlet.context.ServletWebServerApplicationContext.createWebServer()V+67
j  org.springframework.boot.web.servlet.context.ServletWebServerApplicationContext.onRefresh()V+5
j  org.springframework.context.support.AbstractApplicationContext.refresh()V+85
j  org.springframework.boot.web.servlet.context.ServletWebServerApplicationContext.refresh()V+1
j  org.springframework.boot.SpringApplication.refresh(Lorg/springframework/context/ConfigurableApplicationContext;)V+1
j  org.springframework.boot.SpringApplication.refreshContext(Lorg/springframework/context/ConfigurableApplicationContext;)V+19
j  org.springframework.boot.SpringApplication.run([Ljava/lang/String;)Lorg/springframework/context/ConfigurableApplicationContext;+113
j  org.springframework.boot.SpringApplication.run([Ljava/lang/Class;[Ljava/lang/String;)Lorg/springframework/context/ConfigurableApplicationContext;+9
j  org.springframework.boot.SpringApplication.run(Ljava/lang/Class;[Ljava/lang/String;)Lorg/springframework/context/ConfigurableApplicationContext;+9
j  com.clinica.BackendReservasApplication.main([Ljava/lang/String;)V+3
v  ~StubRoutines::call_stub 0x0000017cf94f100d

Compiled method (n/a)   15246  604     n 0       java.lang.ClassLoader::defineClass1 (native)
 total in heap  [0x0000017cf96ed190,0x0000017cf96ed7f0] = 1632
 relocation     [0x0000017cf96ed2f0,0x0000017cf96ed328] = 56
 main code      [0x0000017cf96ed340,0x0000017cf96ed7ef] = 1199
 stub code      [0x0000017cf96ed7ef,0x0000017cf96ed7f0] = 1

[Constant Pool (empty)]

[MachCode]
[Entry Point]
  # {method} {0x0000017c894396f0} 'defineClass1' '(Ljava/lang/ClassLoader;Ljava/lang/String;[BIILjava/security/ProtectionDomain;Ljava/lang/String;)Ljava/lang/Class;' in 'java/lang/ClassLoader'
  # parm0:    rdx:rdx   = 'java/lang/ClassLoader'
  # parm1:    r8:r8     = 'java/lang/String'
  # parm2:    r9:r9     = '[B'
  # parm3:    rdi       = int
  # parm4:    rsi       = int
  # parm5:    rcx:rcx   = 'java/security/ProtectionDomain'
  # parm6:    [sp+0xa0]   = 'java/lang/String'  (sp of caller)
  0x0000017cf96ed340: 448b 5208 | 49bb 0000 | 0089 7c01 | 0000 4d03 | d349 3bc2 | 0f84 0600 

  0x0000017cf96ed358: ;   {runtime_call ic_miss_stub}
  0x0000017cf96ed358: 0000 e921 | 14e5 ff90 
[Verified Entry Point]
  0x0000017cf96ed360: 8984 2400 | 80ff ff55 | 488b ec48 | 81ec 9000 | 0000 6690 | 4181 7f20 | 0500 0000 

  0x0000017cf96ed37c: ;   {runtime_call StubRoutines (final stubs)}
  0x0000017cf96ed37c: 7405 e8dd | 79e3 ff48 | 837d 1000 | 488d 4510 | 480f 4445 | 1048 8944 | 2440 4889 | 4c24 7048 
  0x0000017cf96ed39c: 83f9 0048 | 8d44 2470 | 480f 4444 | 2470 4889 | 4424 3848 | 8974 2430 | 4889 7c24 | 284c 894c 
  0x0000017cf96ed3bc: 2458 4983 | f900 488d | 4424 5848 | 0f44 4424 | 5848 8944 | 2420 4c89 | 4424 5049 | 83f8 004c 
  0x0000017cf96ed3dc: 8d4c 2450 | 4c0f 444c | 2450 4889 | 5424 4848 | 83fa 004c | 8d44 2448 | 4c0f 4444 

  0x0000017cf96ed3f8: ;   {oop(a 'java/lang/Class'{0x00000000c234ce78} = 'java/lang/ClassLoader')}
  0x0000017cf96ed3f8: 2448 49be | 78ce 34c2 | 0000 0000 | 4c89 7424 | 784c 8d74 | 2478 498b | d6c5 f877 

  0x0000017cf96ed414: ;   {internal_word}
  0x0000017cf96ed414: 49ba 11d4 | 6ef9 7c01 | 0000 4d89 | 97a8 0300 | 0049 89a7 | a003 0000 

  0x0000017cf96ed42c: ;   {external_word}
  0x0000017cf96ed42c: 49ba a318 | 455f fa7f | 0000 4180 | 3a00 0f84 | 4e00 0000 | 5241 5041 

  0x0000017cf96ed444: ;   {metadata({method} {0x0000017c894396f0} 'defineClass1' '(Ljava/lang/ClassLoader;Ljava/lang/String;[BIILjava/security/ProtectionDomain;Ljava/lang/String;)Ljava/lang/Class;' in 'java/lang/ClassLoader')}
  0x0000017cf96ed444: 5148 bae8 | 9643 897c | 0100 0049 | 8bcf 4883 | ec20 40f6 | c40f 0f84 | 1900 0000 | 4883 ec08 
  0x0000017cf96ed464: ;   {runtime_call}
  0x0000017cf96ed464: 48b8 1079 | f55e fa7f | 0000 ffd0 | 4883 c408 | e90c 0000 

  0x0000017cf96ed478: ;   {runtime_call}
  0x0000017cf96ed478: 0048 b810 | 79f5 5efa | 7f00 00ff | d048 83c4 | 2041 5941 | 585a 498d | 8fc0 0300 | 0041 c787 
  0x0000017cf96ed498: 4c04 0000 | 0400 0000 

  0x0000017cf96ed4a0: ;   {runtime_call}
  0x0000017cf96ed4a0: 48b8 d016 | 4898 fa7f | 0000 ffd0 | c5f8 7741 | c787 4c04 | 0000 0500 | 0000 f083 | 4424 c000 
  0x0000017cf96ed4c0: 493b af50 | 0400 000f | 870e 0000 | 0041 83bf | 4804 0000 | 000f 842b | 0000 00c5 | f877 4889 
  0x0000017cf96ed4e0: 45f8 498b | cf4c 8be4 | 4883 ec20 | 4883 e4f0 

  0x0000017cf96ed4f0: ;   {runtime_call}
  0x0000017cf96ed4f0: 48b8 501b | c15e fa7f | 0000 ffd0 | 498b e44d | 33e4 488b | 45f8 41c7 | 874c 0400 | 0008 0000 
  0x0000017cf96ed510: 0041 83bf | c804 0000 | 020f 84a3 

  0x0000017cf96ed51c: ;   {external_word}
  0x0000017cf96ed51c: 0200 0049 | baa3 1845 | 5ffa 7f00 | 0041 803a | 000f 844c | 0000 0048 

  0x0000017cf96ed534: ;   {metadata({method} {0x0000017c894396f0} 'defineClass1' '(Ljava/lang/ClassLoader;Ljava/lang/String;[BIILjava/security/ProtectionDomain;Ljava/lang/String;)Ljava/lang/Class;' in 'java/lang/ClassLoader')}
  0x0000017cf96ed534: 8945 f848 | bae8 9643 | 897c 0100 | 0049 8bcf | 4883 ec20 | 40f6 c40f | 0f84 1900 | 0000 4883 
  0x0000017cf96ed554: ;   {runtime_call}
  0x0000017cf96ed554: ec08 48b8 | 1079 f55e | fa7f 0000 | ffd0 4883 | c408 e90c 

  0x0000017cf96ed568: ;   {runtime_call}
  0x0000017cf96ed568: 0000 0048 | b810 79f5 | 5efa 7f00 | 00ff d048 | 83c4 2048 | 8b45 f849 | c787 a003 | 0000 0000 
  0x0000017cf96ed588: 0000 49c7 | 87a8 0300 | 0000 0000 | 00c5 f877 | 4885 c00f | 84fe 0100 | 00a8 030f | 8508 0000 
  0x0000017cf96ed5a8: 0048 8b00 | e9ee 0100 | 00a8 010f | 8509 0000 | 0048 8b40 | fee9 dd01 | 0000 488b | 40ff 4180 
  0x0000017cf96ed5c8: 7f40 000f | 84ce 0100 | 0048 83f8 | 000f 84c4 | 0100 0049 | 8b4f 2848 | 83f9 000f | 8414 0000 
  0x0000017cf96ed5e8: 0048 83e9 | 0849 894f | 2849 034f | 3848 8901 | e9a2 0100 | 0048 81ec | d000 0000 | 4889 0424 
  0x0000017cf96ed608: 4889 4c24 | 0848 8954 | 2410 4889 | 7424 1848 | 897c 2420 | 4c89 4424 | 284c 894c | 2430 4c89 
  0x0000017cf96ed628: 5424 384c | 895c 2440 | c5fb 1144 | 2450 c5fb | 114c 2458 | c5fb 1154 | 2460 c5fb | 115c 2468 
  0x0000017cf96ed648: c5fb 1164 | 2470 c5fb | 116c 2478 | c5fb 11b4 | 2480 0000 | 00c5 fb11 | bc24 8800 | 0000 c57b 
  0x0000017cf96ed668: ;   {no_reloc}
  0x0000017cf96ed668: 1184 2490 | 0000 00c5 | 7b11 8c24 | 9800 0000 | c57b 1194 | 24a0 0000 | 00c5 7b11 | 9c24 a800 
  0x0000017cf96ed688: 0000 c57b | 11a4 24b0 | 0000 00c5 | 7b11 ac24 | b800 0000 | c57b 11b4 | 24c0 0000 | 00c5 7b11 
  0x0000017cf96ed6a8: bc24 c800 | 0000 498b | d748 8bc8 | 4883 ec20 | 40f6 c40f | 0f84 1900 | 0000 4883 

  0x0000017cf96ed6c4: ;   {runtime_call}
  0x0000017cf96ed6c4: ec08 48b8 | 206b b45e | fa7f 0000 | ffd0 4883 | c408 e90c 

  0x0000017cf96ed6d8: ;   {runtime_call}
  0x0000017cf96ed6d8: 0000 0048 | b820 6bb4 | 5efa 7f00 | 00ff d048 | 83c4 20c5 | 7b10 bc24 | c800 0000 | c57b 10b4 
  0x0000017cf96ed6f8: 24c0 0000 | 00c5 7b10 | ac24 b800 | 0000 c57b | 10a4 24b0 | 0000 00c5 | 7b10 9c24 | a800 0000 
  0x0000017cf96ed718: c57b 1094 | 24a0 0000 | 00c5 7b10 | 8c24 9800 | 0000 c57b | 1084 2490 | 0000 00c5 | fb10 bc24 
  0x0000017cf96ed738: 8800 0000 | c5fb 10b4 | 2480 0000 | 00c5 fb10 | 6c24 78c5 | fb10 6424 | 70c5 fb10 | 5c24 68c5 
  0x0000017cf96ed758: fb10 5424 | 60c5 fb10 | 4c24 58c5 | fb10 4424 | 504c 8b5c | 2440 4c8b | 5424 384c | 8b4c 2430 
  0x0000017cf96ed778: 4c8b 4424 | 2848 8b7c | 2420 488b | 7424 1848 | 8b54 2410 | 488b 4c24 | 0848 8b04 | 2448 81c4 
  0x0000017cf96ed798: d000 0000 | c5f8 7749 | 8b8f 3004 | 0000 c781 | 0001 0000 | 0000 0000 | c949 837f | 0800 0f85 
  0x0000017cf96ed7b8: 0100 0000 

  0x0000017cf96ed7bc: ;   {runtime_call StubRoutines (initial stubs)}
  0x0000017cf96ed7bc: c3e9 3e37 | e0ff c5f8 | 7748 8945 | f84c 8be4 | 4883 ec20 | 4883 e4f0 

  0x0000017cf96ed7d4: ;   {runtime_call}
  0x0000017cf96ed7d4: 48b8 70b0 | f55e fa7f | 0000 ffd0 | 498b e44d | 33e4 488b | 45f8 e930 | fdff fff4 
[/MachCode]


Compiled method (c1)   15281  977       1       java.lang.ClassLoader::defineClass (43 bytes)
 total in heap  [0x0000017cf9816e90,0x0000017cf9817450] = 1472
 relocation     [0x0000017cf9816ff0,0x0000017cf9817060] = 112
 main code      [0x0000017cf9817060,0x0000017cf9817220] = 448
 stub code      [0x0000017cf9817220,0x0000017cf9817298] = 120
 metadata       [0x0000017cf9817298,0x0000017cf98172c8] = 48
 scopes data    [0x0000017cf98172c8,0x0000017cf9817380] = 184
 scopes pcs     [0x0000017cf9817380,0x0000017cf9817420] = 160
 dependencies   [0x0000017cf9817420,0x0000017cf9817428] = 8
 nul chk table  [0x0000017cf9817428,0x0000017cf9817450] = 40

[Constant Pool (empty)]

[MachCode]
[Entry Point]
  # {method} {0x0000017c89439a70} 'defineClass' '(Ljava/lang/String;[BIILjava/security/ProtectionDomain;)Ljava/lang/Class;' in 'java/lang/ClassLoader'
  # this:     rdx:rdx   = 'java/lang/ClassLoader'
  # parm0:    r8:r8     = 'java/lang/String'
  # parm1:    r9:r9     = '[B'
  # parm2:    rdi       = int
  # parm3:    rsi       = int
  # parm4:    rcx:rcx   = 'java/security/ProtectionDomain'
  #           [sp+0xc0]  (sp of caller)
  0x0000017cf9817060: 448b 5208 | 49bb 0000 | 0089 7c01 | 0000 4d03 | d34c 3bd0 

  0x0000017cf9817074: ;   {runtime_call ic_miss_stub}
  0x0000017cf9817074: 0f85 0677 | d2ff 660f | 1f44 0000 
[Verified Entry Point]
  0x0000017cf9817080: 8984 2400 | 80ff ff55 | 4881 ecb0 | 0000 0090 | 4181 7f20 | 0500 0000 

  0x0000017cf9817098: ;   {runtime_call StubRoutines (final stubs)}
  0x0000017cf9817098: 7405 e8c1 | dcd0 ff48 | 8954 2478 | 89b4 2494 | 0000 0089 | bc24 9000 | 0000 4c89 | 8c24 8800 
  0x0000017cf98170b8: 0000 498b | d84c 8bc3 | 4c8b c948 | 8bca 488b | d148 899c | 2480 0000 | 0066 0f1f 

  0x0000017cf98170d4: ;   {optimized virtual_call}
  0x0000017cf98170d4: 4400 00e8 

  0x0000017cf98170d8: ; ImmutableOopMap {[120]=Oop [128]=Oop [136]=Oop }
                      ;*invokevirtual preDefineClass {reexecute=0 rethrow=0 return_oop=0}
                      ; - java.lang.ClassLoader::defineClass@4 (line 1025)
  0x0000017cf98170d8: 6406 0000 

  0x0000017cf98170dc: ;   {other}
  0x0000017cf98170dc: 0f1f 8400 | 4c02 0000 | 4889 8424 | 9800 0000 

  0x0000017cf98170ec: ; implicit exception: dispatches to 0x0000017cf98171ca
  0x0000017cf98170ec: 448b 4010 | 4d85 c00f | 850f 0000 

  0x0000017cf98170f8: ;   {oop(nullptr)}
  0x0000017cf98170f8: 0048 bb00 | 0000 0000 | 0000 00e9 | 3f00 0000 

  0x0000017cf9817108: ; implicit exception: dispatches to 0x0000017cf98171cf
  0x0000017cf9817108: 458b 400c | 4d85 c00f | 850f 0000 

  0x0000017cf9817114: ;   {oop(nullptr)}
  0x0000017cf9817114: 0048 bb00 | 0000 0000 | 0000 00e9 | 2300 0000 

  0x0000017cf9817124: ; implicit exception: dispatches to 0x0000017cf98171d4
  0x0000017cf9817124: 418b 5038 

  0x0000017cf9817128: ; implicit exception: dispatches to 0x0000017cf98171d9
  0x0000017cf9817128: 483b 020f 

  0x0000017cf981712c: ;   {optimized virtual_call}
  0x0000017cf981712c: 1f40 00e8 

  0x0000017cf9817130: ; ImmutableOopMap {[120]=Oop [128]=Oop [136]=Oop [152]=Oop }
                      ;*invokevirtual toExternalForm {reexecute=0 rethrow=0 return_oop=0}
                      ; - java.net.URL::toExternalForm@5 (line 1203)
                      ; - java.net.URL::toString@1 (line 1189)
                      ; - java.lang.ClassLoader::defineClassSourceLocation@22 (line 927)
                      ; - java.lang.ClassLoader::defineClass@12 (line 1026)
  0x0000017cf9817130: cca1 f9ff 

  0x0000017cf9817134: ;   {other}
  0x0000017cf9817134: 0f1f 8400 | a402 0001 | 488b d848 | 8b84 2498 | 0000 008b | b424 9400 | 0000 8bbc | 2490 0000 
  0x0000017cf9817154: 004c 8b8c | 2488 0000 | 004c 8b84 | 2480 0000 | 0048 8b54 | 2478 4c8b | da49 8bd3 | 488b c848 
  0x0000017cf9817174: ;   {static_call}
  0x0000017cf9817174: 891c 24e8 

  0x0000017cf9817178: ; ImmutableOopMap {[120]=Oop [152]=Oop }
                      ;*invokestatic defineClass1 {reexecute=0 rethrow=0 return_oop=0}
                      ; - java.lang.ClassLoader::defineClass@27 (line 1027)
  0x0000017cf9817178: e461 edff 

  0x0000017cf981717c: ;   {other}
  0x0000017cf981717c: 0f1f 8400 | ec02 0002 | 4c8b c04c | 8b8c 2498 | 0000 0048 | 8b54 2478 | 4889 8424 | a000 0000 
  0x0000017cf981719c: ;   {optimized virtual_call}
  0x0000017cf981719c: 6666 90e8 

  0x0000017cf98171a0: ; ImmutableOopMap {[160]=Oop }
                      ;*invokevirtual postDefineClass {reexecute=0 rethrow=0 return_oop=0}
                      ; - java.lang.ClassLoader::defineClass@37 (line 1028)
  0x0000017cf98171a0: 5c02 fdff 

  0x0000017cf98171a4: ;   {other}
  0x0000017cf98171a4: 0f1f 8400 | 1403 0003 | 488b 8424 | a000 0000 | 4881 c4b0 | 0000 005d 

  0x0000017cf98171bc: ;   {poll_return}
  0x0000017cf98171bc: 493b a750 | 0400 000f | 8715 0000 

  0x0000017cf98171c8: ;   {runtime_call throw_null_pointer_exception Runtime1 stub}
  0x0000017cf98171c8: 00c3 e831 

  0x0000017cf98171cc: ; ImmutableOopMap {rax=Oop [120]=Oop [128]=Oop [136]=Oop [152]=Oop }
                      ;*invokevirtual getCodeSource {reexecute=0 rethrow=0 return_oop=0}
                      ; - java.lang.ClassLoader::defineClassSourceLocation@1 (line 924)
                      ; - java.lang.ClassLoader::defineClass@12 (line 1026)
                      ;   {runtime_call throw_null_pointer_exception Runtime1 stub}
  0x0000017cf98171cc: 9ddd ffe8 

  0x0000017cf98171d0: ; ImmutableOopMap {rax=Oop [120]=Oop [128]=Oop [136]=Oop [152]=Oop }
                      ;*invokevirtual getLocation {reexecute=0 rethrow=0 return_oop=0}
                      ; - java.lang.ClassLoader::defineClassSourceLocation@12 (line 926)
                      ; - java.lang.ClassLoader::defineClass@12 (line 1026)
  0x0000017cf98171d0: 2c9d ddff 

  0x0000017cf98171d4: ;   {runtime_call throw_null_pointer_exception Runtime1 stub}
  0x0000017cf98171d4: e827 9ddd 

  0x0000017cf98171d8: ; ImmutableOopMap {r8=Oop [120]=Oop [128]=Oop [136]=Oop [152]=Oop }
                      ;*invokevirtual toString {reexecute=0 rethrow=0 return_oop=0}
                      ; - java.lang.ClassLoader::defineClassSourceLocation@22 (line 927)
                      ; - java.lang.ClassLoader::defineClass@12 (line 1026)
                      ;   {runtime_call throw_null_pointer_exception Runtime1 stub}
  0x0000017cf98171d8: ffe8 229d 

  0x0000017cf98171dc: ; ImmutableOopMap {r8=Oop rdx=Oop [120]=Oop [128]=Oop [136]=Oop [152]=Oop }
                      ;*invokevirtual toExternalForm {reexecute=0 rethrow=0 return_oop=0}
                      ; - java.net.URL::toExternalForm@5 (line 1203)
                      ; - java.net.URL::toString@1 (line 1189)
                      ; - java.lang.ClassLoader::defineClassSourceLocation@22 (line 927)
                      ; - java.lang.ClassLoader::defineClass@12 (line 1026)
                      ;   {internal_word}
  0x0000017cf98171dc: ddff 49ba | bc71 81f9 | 7c01 0000 | 4d89 9768 

  0x0000017cf98171ec: ;   {runtime_call SafepointBlob}
  0x0000017cf98171ec: 0400 00e9 | 0ce5 d2ff | 498b 8700 | 0500 0049 | c787 0005 | 0000 0000 | 0000 49c7 | 8708 0500 
  0x0000017cf981720c: 0000 0000 | 0048 81c4 | b000 0000 

  0x0000017cf9817218: ;   {runtime_call unwind_exception Runtime1 stub}
  0x0000017cf9817218: 5de9 e28d | ddff f4f4 
[Stub Code]
  0x0000017cf9817220: ;   {no_reloc}
  0x0000017cf9817220: 0f1f 4400 

  0x0000017cf9817224: ;   {static_stub}
  0x0000017cf9817224: 0048 bb00 | 0000 0000 

  0x0000017cf981722c: ;   {runtime_call}
  0x0000017cf981722c: 0000 00e9 | fbff ffff 

  0x0000017cf9817234: ;   {static_stub}
  0x0000017cf9817234: 48bb 0000 | 0000 0000 

  0x0000017cf981723c: ;   {runtime_call}
  0x0000017cf981723c: 0000 e9fb 

  0x0000017cf9817240: ;   {static_stub}
  0x0000017cf9817240: ffff ff48 | bb00 0000 | 0000 0000 

  0x0000017cf981724c: ;   {runtime_call}
  0x0000017cf981724c: 00e9 fbff 

  0x0000017cf9817250: ;   {static_stub}
  0x0000017cf9817250: ffff 48bb | 0000 0000 | 0000 0000 

  0x0000017cf981725c: ;   {runtime_call}
  0x0000017cf981725c: e9fb ffff 

  0x0000017cf9817260: ;   {runtime_call handle_exception_from_callee Runtime1 stub}
  0x0000017cf9817260: ffe8 1ac4 

  0x0000017cf9817264: ;   {external_word}
  0x0000017cf9817264: ddff 48b9 | 10f9 1c5f | fa7f 0000 | 4883 e4f0 

  0x0000017cf9817274: ;   {runtime_call}
  0x0000017cf9817274: 48b8 4088 | e45e fa7f | 0000 ffd0 

  0x0000017cf9817280: ;   {section_word}
  0x0000017cf9817280: f449 ba81 | 7281 f97c | 0100 0041 

  0x0000017cf981728c: ;   {runtime_call DeoptimizationBlob}
  0x0000017cf981728c: 52e9 0ed7 | d2ff f4f4 | f4f4 f4f4 
[/MachCode]


Compiled method (c1)   15304  838       1       jdk.internal.loader.BuiltinClassLoader::defineClass (121 bytes)
 total in heap  [0x0000017cf97e2610,0x0000017cf97e3520] = 3856
 relocation     [0x0000017cf97e2770,0x0000017cf97e28b8] = 328
 main code      [0x0000017cf97e28c0,0x0000017cf97e2f80] = 1728
 stub code      [0x0000017cf97e2f80,0x0000017cf97e30a0] = 288
 metadata       [0x0000017cf97e30a0,0x0000017cf97e30e8] = 72
 scopes data    [0x0000017cf97e30e8,0x0000017cf97e3340] = 600
 scopes pcs     [0x0000017cf97e3340,0x0000017cf97e34e0] = 416
 dependencies   [0x0000017cf97e34e0,0x0000017cf97e34e8] = 8
 handler table  [0x0000017cf97e34e8,0x0000017cf97e3500] = 24
 nul chk table  [0x0000017cf97e3500,0x0000017cf97e3520] = 32

[Constant Pool (empty)]

[MachCode]
[Entry Point]
  # {method} {0x0000017c89069cd0} 'defineClass' '(Ljava/lang/String;Ljdk/internal/loader/Resource;)Ljava/lang/Class;' in 'jdk/internal/loader/BuiltinClassLoader'
  # this:     rdx:rdx   = 'jdk/internal/loader/BuiltinClassLoader'
  # parm0:    r8:r8     = 'java/lang/String'
  # parm1:    r9:r9     = 'jdk/internal/loader/Resource'
  #           [sp+0x110]  (sp of caller)
  0x0000017cf97e28c0: 448b 5208 | 49bb 0000 | 0089 7c01 | 0000 4d03 | d34c 3bd0 

  0x0000017cf97e28d4: ;   {runtime_call ic_miss_stub}
  0x0000017cf97e28d4: 0f85 a6be | d5ff 660f | 1f44 0000 
[Verified Entry Point]
  0x0000017cf97e28e0: 8984 2400 | 80ff ff55 | 4881 ec00 | 0100 0090 | 4181 7f20 | 0500 0000 

  0x0000017cf97e28f8: ;   {runtime_call StubRoutines (final stubs)}
  0x0000017cf97e28f8: 7405 e861 | 24d4 ff48 | 8994 24a0 | 0000 004c | 8984 2490 | 0000 004c | 898c 2498 | 0000 0049 
  0x0000017cf97e2918: 8bd1 6666 | 9048 b8ff | ffff ffff 

  0x0000017cf97e2924: ;   {virtual_call}
  0x0000017cf97e2924: ffff ffe8 

  0x0000017cf97e2928: ; ImmutableOopMap {[144]=Oop [152]=Oop [160]=Oop }
                      ;*invokevirtual getCodeSourceURL {reexecute=0 rethrow=0 return_oop=0}
                      ; - jdk.internal.loader.BuiltinClassLoader::defineClass@1 (line 842)
  0x0000017cf97e2928: 8ce8 e1ff 

  0x0000017cf97e292c: ;   {other}
  0x0000017cf97e292c: 0f1f 8400 | 1c03 0000 | 4889 8424 | a800 0000 | 4c8b 8424 | 9000 0000 

  0x0000017cf97e2944: ; implicit exception: dispatches to 0x0000017cf97e2e82
  0x0000017cf97e2944: 418b 7014 

  0x0000017cf97e2948: ; implicit exception: dispatches to 0x0000017cf97e2e87
  0x0000017cf97e2948: 8b56 0c45 | 0fbe 4810 | 498b c9c1 | e118 c1f9 | 18d3 fa48 | 8bfa ffcf | 4585 c9ba | 0000 0000 
  0x0000017cf97e2968: 7505 ba01 | 0000 0083 | e201 85d2 | 488b d641 | b82e 0000 | 004c 8bcf | 0f84 1300 

  0x0000017cf97e2984: ;   {static_call}
  0x0000017cf97e2984: 0000 90e8 

  0x0000017cf97e2988: ; ImmutableOopMap {[144]=Oop [152]=Oop [160]=Oop [168]=Oop }
                      ;*invokestatic lastIndexOf {reexecute=0 rethrow=0 return_oop=0}
                      ; - java.lang.String::lastIndexOf@13 (line 2562)
                      ; - java.lang.String::lastIndexOf@8 (line 2524)
                      ; - jdk.internal.loader.BuiltinClassLoader::defineClass@8 (line 845)
  0x0000017cf97e2988: b459 e5ff 

  0x0000017cf97e298c: ;   {other}
  0x0000017cf97e298c: 0f1f 8400 | 7c03 0001 | e913 0000 | 0066 0f1f 

  0x0000017cf97e299c: ;   {static_call}
  0x0000017cf97e299c: 4400 00e8 

  0x0000017cf97e29a0: ; ImmutableOopMap {[144]=Oop [152]=Oop [160]=Oop [168]=Oop }
                      ;*invokestatic lastIndexOf {reexecute=0 rethrow=0 return_oop=0}
                      ; - java.lang.String::lastIndexOf@25 (line 2563)
                      ; - java.lang.String::lastIndexOf@8 (line 2524)
                      ; - jdk.internal.loader.BuiltinClassLoader::defineClass@8 (line 845)
  0x0000017cf97e29a0: dcc6 d5ff 

  0x0000017cf97e29a4: ;   {other}
  0x0000017cf97e29a4: 0f1f 8400 | 9403 0002 | 83f8 ff0f | 847f 0000 | 0041 b800 | 0000 004c | 8bc8 488b | 9424 9000 
  0x0000017cf97e29c4: ;   {optimized virtual_call}
  0x0000017cf97e29c4: 0000 90e8 

  0x0000017cf97e29c8: ; ImmutableOopMap {[144]=Oop [152]=Oop [160]=Oop [168]=Oop }
                      ;*invokevirtual substring {reexecute=0 rethrow=0 return_oop=0}
                      ; - jdk.internal.loader.BuiltinClassLoader::defineClass@23 (line 847)
  0x0000017cf97e29c8: 34af e7ff 

  0x0000017cf97e29cc: ;   {other}
  0x0000017cf97e29cc: 0f1f 8400 | bc03 0003 | 488b 9424 | 9800 0000 | 4889 8424 | b000 0000 | 9048 b8ff | ffff ffff 
  0x0000017cf97e29ec: ;   {virtual_call}
  0x0000017cf97e29ec: ffff ffe8 

  0x0000017cf97e29f0: ; ImmutableOopMap {[144]=Oop [152]=Oop [160]=Oop [168]=Oop [176]=Oop }
                      ;*invokevirtual getManifest {reexecute=0 rethrow=0 return_oop=0}
                      ; - jdk.internal.loader.BuiltinClassLoader::defineClass@29 (line 848)
  0x0000017cf97e29f0: 2c37 0d00 

  0x0000017cf97e29f4: ;   {other}
  0x0000017cf97e29f4: 0f1f 8400 | e403 0004 | 4c8b 8424 | b000 0000 | 4c8b c848 | 8bbc 24a8 | 0000 0048 | 8b94 24a0 
  0x0000017cf97e2a14: 0000 0066 | 0f1f 4400 | 0048 b810 | a306 897c 

  0x0000017cf97e2a24: ;   {virtual_call}
  0x0000017cf97e2a24: 0100 00e8 

  0x0000017cf97e2a28: ; ImmutableOopMap {[144]=Oop [152]=Oop [160]=Oop [168]=Oop }
                      ;*invokevirtual defineOrCheckPackage {reexecute=0 rethrow=0 return_oop=0}
                      ; - jdk.internal.loader.BuiltinClassLoader::defineClass@40 (line 849)
  0x0000017cf97e2a28: 94fa ffff 

  0x0000017cf97e2a2c: ;   {other}
  0x0000017cf97e2a2c: 0f1f 8400 | 1c04 0005 | 4c8b 8c24 | 9800 0000 | 488d 9424 | e000 0000 | 4c89 4a08 | 498b 0148 
  0x0000017cf97e2a4c: 83c8 0148 | 8902 f049 | 0fb1 110f | 8412 0000 | 0048 2bc4 | 4825 07f0 | ffff 4889 | 020f 851d 
  0x0000017cf97e2a6c: 0400 0049 | ff87 5005 | 0000 418b | 510c 4885 | d20f 8551 | 0000 0049 | 8bd1 0f1f | 8000 0000 
  0x0000017cf97e2a8c: 0048 b8ff | ffff ffff 

  0x0000017cf97e2a94: ;   {virtual_call}
  0x0000017cf97e2a94: ffff ffe8 

  0x0000017cf97e2a98: ; ImmutableOopMap {[144]=Oop [152]=Oop [160]=Oop [168]=Oop [232]=Oop }
                      ;*invokevirtual getInputStream {reexecute=0 rethrow=0 return_oop=0}
                      ; - jdk.internal.loader.Resource::cachedInputStream@9 (line 77)
                      ; - jdk.internal.loader.Resource::getByteBuffer@1 (line 163)
                      ; - jdk.internal.loader.BuiltinClassLoader::defineClass@45 (line 853)
  0x0000017cf97e2a98: d4e1 e1ff 

  0x0000017cf97e2a9c: ;   {other}
  0x0000017cf97e2a9c: 0f1f 8400 | 8c04 0006 | 410f be57 | 4085 d24c | 8b8c 2498 | 0000 000f | 85e6 0300 | 004c 8bd0 
  0x0000017cf97e2abc: 4589 510c | 498b d148 | 33d0 48c1 | ea14 4883 | fa00 0f85 | e703 0000 | 418b 510c | 488d 8424 
  0x0000017cf97e2adc: e000 0000 | 488b 3048 | 85f6 0f84 | 0f00 0000 | 488b 7808 | f048 0fb1 | 370f 85d8 | 0300 0049 
  0x0000017cf97e2afc: ff8f 5005 | 0000 4885 | d20f 8443 

  0x0000017cf97e2b08: ;   {metadata('sun/nio/ByteBuffered')}
  0x0000017cf97e2b08: 0000 0048 | b888 be36 | 897c 0100 | 008b 5a08 | 49ba 0000 | 0089 7c01 | 0000 4903 | da48 3b43 
  0x0000017cf97e2b28: 200f 8424 | 0000 0048 | 3bd8 0f84 | 1b00 0000 

  0x0000017cf97e2b38: ;   {runtime_call slow_subtype_check Runtime1 stub}
  0x0000017cf97e2b38: 5350 e841 | 17e1 ff5b | 5b85 db0f | 8405 0000 | 00e9 0500 | 0000 4833 | f6eb 0a48 | be01 0000 
  0x0000017cf97e2b58: 0000 0000 | 0085 f60f | 846c 0000 | 0048 85d2 | 0f84 4300 

  0x0000017cf97e2b6c: ;   {metadata('sun/nio/ByteBuffered')}
  0x0000017cf97e2b6c: 0000 48bb | 88be 3689 | 7c01 0000 | 8b7a 0849 | ba00 0000 | 897c 0100 | 0049 03fa | 483b 5f20 
  0x0000017cf97e2b8c: 0f84 1f00 | 0000 483b | fb0f 8416 | 0000 0057 

  0x0000017cf97e2b9c: ;   {runtime_call slow_subtype_check Runtime1 stub}
  0x0000017cf97e2b9c: 53e8 de16 | e1ff 5f5f | 85ff 0f84 | 3d03 0000 | e900 0000 | 000f 1f40 | 0048 b8ff | ffff ffff 
  0x0000017cf97e2bbc: ;   {virtual_call}
  0x0000017cf97e2bbc: ffff ffe8 

  0x0000017cf97e2bc0: ; ImmutableOopMap {[144]=Oop [152]=Oop [160]=Oop [168]=Oop }
                      ;*invokeinterface getByteBuffer {reexecute=0 rethrow=0 return_oop=0}
                      ; - jdk.internal.loader.Resource::getByteBuffer@16 (line 165)
                      ; - jdk.internal.loader.BuiltinClassLoader::defineClass@45 (line 853)
  0x0000017cf97e2bc0: bcc1 d5ff 

  0x0000017cf97e2bc4: ;   {other}
  0x0000017cf97e2bc4: 0f1f 8400 | b405 0007 | e90a 0000 

  0x0000017cf97e2bd0: ;   {oop(nullptr)}
  0x0000017cf97e2bd0: 0048 b800 | 0000 0000 | 0000 0048 | 85c0 0f84 | 0601 0000 | 4889 8424 | b800 0000 | 488b 9424 
  0x0000017cf97e2bf0: 9800 0000 | 9048 b8ff | ffff ffff 

  0x0000017cf97e2bfc: ;   {virtual_call}
  0x0000017cf97e2bfc: ffff ffe8 

  0x0000017cf97e2c00: ; ImmutableOopMap {[144]=Oop [160]=Oop [168]=Oop [184]=Oop }
                      ;*invokevirtual getCodeSigners {reexecute=0 rethrow=0 return_oop=0}
                      ; - jdk.internal.loader.BuiltinClassLoader::defineClass@56 (line 855)
  0x0000017cf97e2c00: 7cc1 d5ff 

  0x0000017cf97e2c04: ;   {other}
  0x0000017cf97e2c04: 0f1f 8400 | f405 0008 

  0x0000017cf97e2c0c: ;   {metadata('java/security/CodeSource')}
  0x0000017cf97e2c0c: 4c8b c848 | bad8 5a00 | 897c 0100 | 0049 8b87 | b801 0000 | 488d 7828 | 493b bfc8 | 0100 000f 
  0x0000017cf97e2c2c: 87c1 0200 | 0049 89bf | b801 0000 | 48c7 0001 | 0000 0048 | 8bca 49ba | 0000 0089 | 7c01 0000 
  0x0000017cf97e2c4c: 492b ca89 | 4808 4833 | c989 480c | 4833 c948 | 8948 1048 | 8948 1848 | 8948 204c | 8b84 24a8 
  0x0000017cf97e2c6c: 0000 0048 | 8bd0 4889 | 8424 c000 | 0000 0f1f 

  0x0000017cf97e2c7c: ;   {optimized virtual_call}
  0x0000017cf97e2c7c: 4400 00e8 

  0x0000017cf97e2c80: ; ImmutableOopMap {[144]=Oop [160]=Oop [184]=Oop [192]=Oop }
                      ;*invokespecial <init> {reexecute=0 rethrow=0 return_oop=0}
                      ; - jdk.internal.loader.BuiltinClassLoader::defineClass@68 (line 856)
  0x0000017cf97e2c80: fcbd d5ff 

  0x0000017cf97e2c84: ;   {other}
  0x0000017cf97e2c84: 0f1f 8400 | 7406 0009 | 4c8b 8424 | c000 0000 | 488b 9424 | a000 0000 

  0x0000017cf97e2c9c: ;   {optimized virtual_call}
  0x0000017cf97e2c9c: 6666 90e8 

  0x0000017cf97e2ca0: ; ImmutableOopMap {[144]=Oop [160]=Oop [184]=Oop }
                      ;*invokevirtual getProtectionDomain {reexecute=0 rethrow=0 return_oop=0}
                      ; - java.security.SecureClassLoader::defineClass@5 (line 182)
                      ; - jdk.internal.loader.BuiltinClassLoader::defineClass@79 (line 857)
  0x0000017cf97e2ca0: dcbd d5ff 

  0x0000017cf97e2ca4: ;   {other}
  0x0000017cf97e2ca4: 0f1f 8400 | 9406 000a | 4c8b 8424 | 9000 0000 | 4c8b 8c24 | b800 0000 | 488b f848 | 8b94 24a0 
  0x0000017cf97e2cc4: ;   {optimized virtual_call}
  0x0000017cf97e2cc4: 0000 00e8 

  0x0000017cf97e2cc8: ; ImmutableOopMap {}
                      ;*invokevirtual defineClass {reexecute=0 rethrow=0 return_oop=0}
                      ; - java.security.SecureClassLoader::defineClass@8 (line 182)
                      ; - jdk.internal.loader.BuiltinClassLoader::defineClass@79 (line 857)
  0x0000017cf97e2cc8: b4bd d5ff 

  0x0000017cf97e2ccc: ;   {other}
  0x0000017cf97e2ccc: 0f1f 8400 | bc06 000b | 4881 c400 | 0100 005d 

  0x0000017cf97e2cdc: ;   {poll_return}
  0x0000017cf97e2cdc: 493b a750 | 0400 000f | 8716 0200 | 00c3 4c8b | 8c24 9800 | 0000 498b | d148 b8ff | ffff ffff 
  0x0000017cf97e2cfc: ;   {virtual_call}
  0x0000017cf97e2cfc: ffff ffe8 

  0x0000017cf97e2d00: ; ImmutableOopMap {[144]=Oop [152]=Oop [160]=Oop [168]=Oop }
                      ;*invokevirtual getBytes {reexecute=0 rethrow=0 return_oop=0}
                      ; - jdk.internal.loader.BuiltinClassLoader::defineClass@84 (line 859)
  0x0000017cf97e2d00: 5ce0 e1ff 

  0x0000017cf97e2d04: ;   {other}
  0x0000017cf97e2d04: 0f1f 8400 | f406 000c | 4889 8424 | c800 0000 | 488b 9424 | 9800 0000 | 9048 b8ff | ffff ffff 
  0x0000017cf97e2d24: ;   {virtual_call}
  0x0000017cf97e2d24: ffff ffe8 

  0x0000017cf97e2d28: ; ImmutableOopMap {[144]=Oop [160]=Oop [168]=Oop [200]=Oop }
                      ;*invokevirtual getCodeSigners {reexecute=0 rethrow=0 return_oop=0}
                      ; - jdk.internal.loader.BuiltinClassLoader::defineClass@90 (line 860)
  0x0000017cf97e2d28: c42f 0d00 

  0x0000017cf97e2d2c: ;   {other}
  0x0000017cf97e2d2c: 0f1f 8400 | 1c07 000d 

  0x0000017cf97e2d34: ;   {metadata('java/security/CodeSource')}
  0x0000017cf97e2d34: 4c8b c848 | bad8 5a00 | 897c 0100 | 0049 8b87 | b801 0000 | 488d 7828 | 493b bfc8 | 0100 000f 
  0x0000017cf97e2d54: 87bc 0100 | 0049 89bf | b801 0000 | 48c7 0001 | 0000 0048 | 8bca 49ba | 0000 0089 | 7c01 0000 
  0x0000017cf97e2d74: 492b ca89 | 4808 4833 | c989 480c | 4833 c948 | 8948 1048 | 8948 1848 | 8948 204c | 8b84 24a8 
  0x0000017cf97e2d94: 0000 0048 | 8bd0 4889 | 8424 d000 | 0000 0f1f 

  0x0000017cf97e2da4: ;   {optimized virtual_call}
  0x0000017cf97e2da4: 4400 00e8 

  0x0000017cf97e2da8: ; ImmutableOopMap {[144]=Oop [160]=Oop [200]=Oop [208]=Oop }
                      ;*invokespecial <init> {reexecute=0 rethrow=0 return_oop=0}
                      ; - jdk.internal.loader.BuiltinClassLoader::defineClass@102 (line 861)
  0x0000017cf97e2da8: 542d 0300 

  0x0000017cf97e2dac: ;   {other}
  0x0000017cf97e2dac: 0f1f 8400 | 9c07 000e | 488b 8424 | c800 0000 

  0x0000017cf97e2dbc: ; implicit exception: dispatches to 0x0000017cf97e2f22
  0x0000017cf97e2dbc: 8b70 0c4c | 8b84 24d0 | 0000 0048 | 8b94 24a0 | 0000 0089 | b424 d800 

  0x0000017cf97e2dd4: ;   {optimized virtual_call}
  0x0000017cf97e2dd4: 0000 90e8 

  0x0000017cf97e2dd8: ; ImmutableOopMap {[144]=Oop [160]=Oop [200]=Oop }
                      ;*invokevirtual getProtectionDomain {reexecute=0 rethrow=0 return_oop=0}
                      ; - java.security.SecureClassLoader::defineClass@9 (line 150)
                      ; - jdk.internal.loader.BuiltinClassLoader::defineClass@117 (line 862)
  0x0000017cf97e2dd8: 2433 0300 

  0x0000017cf97e2ddc: ;   {other}
  0x0000017cf97e2ddc: 0f1f 8400 | cc07 000f | 4c8b 8424 | 9000 0000 | 4c8b 8c24 | c800 0000 | bf00 0000 | 008b b424 
  0x0000017cf97e2dfc: d800 0000 | 488b c848 | 8b94 24a0 | 0000 000f 

  0x0000017cf97e2e0c: ;   {optimized virtual_call}
  0x0000017cf97e2e0c: 1f40 00e8 

  0x0000017cf97e2e10: ; ImmutableOopMap {}
                      ;*invokevirtual defineClass {reexecute=0 rethrow=0 return_oop=0}
                      ; - java.security.SecureClassLoader::defineClass@12 (line 150)
                      ; - jdk.internal.loader.BuiltinClassLoader::defineClass@117 (line 862)
  0x0000017cf97e2e10: 6c42 0300 

  0x0000017cf97e2e14: ;   {other}
  0x0000017cf97e2e14: 0f1f 8400 | 0408 0010 | 4881 c400 | 0100 005d 

  0x0000017cf97e2e24: ;   {poll_return}
  0x0000017cf97e2e24: 493b a750 | 0400 000f | 87f6 0000 | 00c3 498b | 8700 0500 | 004d 33d2 | 4d89 9700 | 0500 004d 
  0x0000017cf97e2e44: 33d2 4d89 | 9708 0500 | 0048 8bf0 | 488d 8424 | e000 0000 | 488b 3848 | 85ff 0f84 | 0f00 0000 
  0x0000017cf97e2e64: 488b 5808 | f048 0fb1 | 3b0f 85ca | 0000 0049 | ff8f 5005 | 0000 488b | c6e9 ee00 

  0x0000017cf97e2e80: ;   {runtime_call throw_null_pointer_exception Runtime1 stub}
  0x0000017cf97e2e80: 0000 e879 

  0x0000017cf97e2e84: ; ImmutableOopMap {rax=Oop r8=Oop [144]=Oop [152]=Oop [160]=Oop [168]=Oop }
                      ;*invokevirtual lastIndexOf {reexecute=0 rethrow=0 return_oop=0}
                      ; - jdk.internal.loader.BuiltinClassLoader::defineClass@8 (line 845)
                      ;   {runtime_call throw_null_pointer_exception Runtime1 stub}
  0x0000017cf97e2e84: e0e0 ffe8 

  0x0000017cf97e2e88: ; ImmutableOopMap {rax=Oop r8=Oop rsi=Oop [144]=Oop [152]=Oop [160]=Oop [168]=Oop }
                      ;*arraylength {reexecute=0 rethrow=0 return_oop=0}
                      ; - java.lang.String::length@4 (line 1508)
                      ; - java.lang.String::lastIndexOf@3 (line 2524)
                      ; - jdk.internal.loader.BuiltinClassLoader::defineClass@8 (line 845)
  0x0000017cf97e2e88: 74e0 e0ff | 4c89 4c24 | 0848 8914 

  0x0000017cf97e2e94: ;   {runtime_call monitorenter_nofpu Runtime1 stub}
  0x0000017cf97e2e94: 24e8 e619 

  0x0000017cf97e2e98: ; ImmutableOopMap {r9=Oop [144]=Oop [152]=Oop [160]=Oop [168]=Oop [232]=Oop }
                      ;*synchronization entry
                      ; - jdk.internal.loader.Resource::cachedInputStream@-1 (line 76)
                      ; - jdk.internal.loader.Resource::getByteBuffer@1 (line 163)
                      ; - jdk.internal.loader.BuiltinClassLoader::defineClass@45 (line 853)
  0x0000017cf97e2e98: e1ff e9d7 | fbff ff41 | 8b51 0c48 | 83fa 000f | 840c fcff | ff48 8914 

  0x0000017cf97e2eb0: ;   {runtime_call g1_pre_barrier_slow}
  0x0000017cf97e2eb0: 24e8 ca52 | e1ff e9fe | fbff ff48 | 83f8 000f | 840f fcff | ff4c 890c 

  0x0000017cf97e2ec8: ;   {runtime_call g1_post_barrier_slow}
  0x0000017cf97e2ec8: 24e8 b255 | e1ff e901 | fcff ff48 | 8d84 24e0 | 0000 0048 

  0x0000017cf97e2edc: ;   {runtime_call monitorexit_nofpu Runtime1 stub}
  0x0000017cf97e2edc: 8904 24e8 | 1c24 e1ff | e919 fcff | ff48 8914 

  0x0000017cf97e2eec: ;   {runtime_call throw_class_cast_exception Runtime1 stub}
  0x0000017cf97e2eec: 24e8 8e0d 

  0x0000017cf97e2ef0: ; ImmutableOopMap {[144]=Oop [152]=Oop [160]=Oop [168]=Oop }
                      ;*checkcast {reexecute=0 rethrow=0 return_oop=0}
                      ; - jdk.internal.loader.Resource::getByteBuffer@13 (line 165)
                      ; - jdk.internal.loader.BuiltinClassLoader::defineClass@45 (line 853)
  0x0000017cf97e2ef0: e1ff 488b 

  0x0000017cf97e2ef4: ;   {runtime_call fast_new_instance Runtime1 stub}
  0x0000017cf97e2ef4: d2e8 86f2 

  0x0000017cf97e2ef8: ; ImmutableOopMap {r9=Oop [144]=Oop [160]=Oop [168]=Oop [184]=Oop }
                      ;*new {reexecute=0 rethrow=0 return_oop=0}
                      ; - jdk.internal.loader.BuiltinClassLoader::defineClass@61 (line 856)
  0x0000017cf97e2ef8: e0ff e968 

  0x0000017cf97e2efc: ;   {internal_word}
  0x0000017cf97e2efc: fdff ff49 | badc 2c7e | f97c 0100 | 004d 8997 | 6804 0000 

  0x0000017cf97e2f10: ;   {runtime_call SafepointBlob}
  0x0000017cf97e2f10: e9eb 27d6 | ff48 8bd2 

  0x0000017cf97e2f18: ;   {runtime_call fast_new_instance Runtime1 stub}
  0x0000017cf97e2f18: e863 f2e0 

  0x0000017cf97e2f1c: ; ImmutableOopMap {r9=Oop [144]=Oop [160]=Oop [168]=Oop [200]=Oop }
                      ;*new {reexecute=0 rethrow=0 return_oop=0}
                      ; - jdk.internal.loader.BuiltinClassLoader::defineClass@95 (line 861)
  0x0000017cf97e2f1c: ffe9 6dfe 

  0x0000017cf97e2f20: ;   {runtime_call throw_null_pointer_exception Runtime1 stub}
  0x0000017cf97e2f20: ffff e8d9 

  0x0000017cf97e2f24: ; ImmutableOopMap {rax=Oop [144]=Oop [160]=Oop [200]=Oop [208]=Oop }
                      ;*arraylength {reexecute=0 rethrow=0 return_oop=0}
                      ; - jdk.internal.loader.BuiltinClassLoader::defineClass@114 (line 862)
                      ;   {internal_word}
  0x0000017cf97e2f24: dfe0 ff49 | ba24 2e7e | f97c 0100 | 004d 8997 | 6804 0000 

  0x0000017cf97e2f38: ;   {runtime_call SafepointBlob}
  0x0000017cf97e2f38: e9c3 27d6 | ff48 8d84 | 24e0 0000 | 0048 8904 

  0x0000017cf97e2f48: ;   {runtime_call monitorexit_nofpu Runtime1 stub}
  0x0000017cf97e2f48: 24e8 b223 | e1ff e927 | ffff ff49 | 8b87 0005 | 0000 49c7 | 8700 0500 | 0000 0000 | 0049 c787 
  0x0000017cf97e2f68: 0805 0000 | 0000 0000 | 4881 c400 | 0100 005d 

  0x0000017cf97e2f78: ;   {runtime_call unwind_exception Runtime1 stub}
  0x0000017cf97e2f78: e983 d0e0 | fff4 f4f4 
[Stub Code]
  0x0000017cf97e2f80: ;   {no_reloc}
  0x0000017cf97e2f80: 0f1f 4400 

  0x0000017cf97e2f84: ;   {static_stub}
  0x0000017cf97e2f84: 0048 bb00 | 0000 0000 

  0x0000017cf97e2f8c: ;   {runtime_call}
  0x0000017cf97e2f8c: 0000 00e9 | fbff ffff 

  0x0000017cf97e2f94: ;   {static_stub}
  0x0000017cf97e2f94: 9048 bb00 | 0000 0000 

  0x0000017cf97e2f9c: ;   {runtime_call}
  0x0000017cf97e2f9c: 0000 00e9 | fbff ffff 

  0x0000017cf97e2fa4: ;   {static_stub}
  0x0000017cf97e2fa4: 9048 bb00 | 0000 0000 

  0x0000017cf97e2fac: ;   {runtime_call}
  0x0000017cf97e2fac: 0000 00e9 | fbff ffff 

  0x0000017cf97e2fb4: ;   {static_stub}
  0x0000017cf97e2fb4: 9048 bb00 | 0000 0000 

  0x0000017cf97e2fbc: ;   {runtime_call}
  0x0000017cf97e2fbc: 0000 00e9 | fbff ffff 

  0x0000017cf97e2fc4: ;   {static_stub}
  0x0000017cf97e2fc4: 9048 bb00 | 0000 0000 

  0x0000017cf97e2fcc: ;   {runtime_call}
  0x0000017cf97e2fcc: 0000 00e9 | fbff ffff 

  0x0000017cf97e2fd4: ;   {static_stub}
  0x0000017cf97e2fd4: 9048 bb00 | 0000 0000 

  0x0000017cf97e2fdc: ;   {runtime_call}
  0x0000017cf97e2fdc: 0000 00e9 | fbff ffff 

  0x0000017cf97e2fe4: ;   {static_stub}
  0x0000017cf97e2fe4: 9048 bb00 | 0000 0000 

  0x0000017cf97e2fec: ;   {runtime_call}
  0x0000017cf97e2fec: 0000 00e9 | fbff ffff 

  0x0000017cf97e2ff4: ;   {static_stub}
  0x0000017cf97e2ff4: 9048 bb00 | 0000 0000 

  0x0000017cf97e2ffc: ;   {runtime_call}
  0x0000017cf97e2ffc: 0000 00e9 | fbff ffff 

  0x0000017cf97e3004: ;   {static_stub}
  0x0000017cf97e3004: 48bb f02e | 4789 7c01 

  0x0000017cf97e300c: ;   {runtime_call I2C/C2I adapters}
  0x0000017cf97e300c: 0000 e958 

  0x0000017cf97e3010: ;   {static_stub}
  0x0000017cf97e3010: 7dd5 ff48 | bb08 d404 | 897c 0100 

  0x0000017cf97e301c: ;   {runtime_call I2C/C2I adapters}
  0x0000017cf97e301c: 00e9 c511 

  0x0000017cf97e3020: ;   {static_stub}
  0x0000017cf97e3020: d6ff 48bb | 0000 0000 | 0000 0000 

  0x0000017cf97e302c: ;   {runtime_call}
  0x0000017cf97e302c: e9fb ffff 

  0x0000017cf97e3030: ;   {static_stub}
  0x0000017cf97e3030: ff48 bb68 | 9a43 897c 

  0x0000017cf97e3038: ;   {runtime_call I2C/C2I adapters}
  0x0000017cf97e3038: 0100 00e9 | 35e1 d4ff 

  0x0000017cf97e3040: ;   {static_stub}
  0x0000017cf97e3040: 48bb 0000 | 0000 0000 

  0x0000017cf97e3048: ;   {runtime_call}
  0x0000017cf97e3048: 0000 e9fb 

  0x0000017cf97e304c: ;   {static_stub}
  0x0000017cf97e304c: ffff ff48 | bb00 0000 | 0000 0000 

  0x0000017cf97e3058: ;   {runtime_call}
  0x0000017cf97e3058: 00e9 fbff 

  0x0000017cf97e305c: ;   {static_stub}
  0x0000017cf97e305c: ffff 48bb | 0000 0000 | 0000 0000 

  0x0000017cf97e3068: ;   {runtime_call}
  0x0000017cf97e3068: e9fb ffff 

  0x0000017cf97e306c: ;   {runtime_call handle_exception_from_callee Runtime1 stub}
  0x0000017cf97e306c: ffe8 0e06 

  0x0000017cf97e3070: ;   {external_word}
  0x0000017cf97e3070: e1ff 48b9 | 10f9 1c5f | fa7f 0000 | 4883 e4f0 

  0x0000017cf97e3080: ;   {runtime_call}
  0x0000017cf97e3080: 48b8 4088 | e45e fa7f | 0000 ffd0 

  0x0000017cf97e308c: ;   {section_word}
  0x0000017cf97e308c: f449 ba8d | 307e f97c | 0100 0041 

  0x0000017cf97e3098: ;   {runtime_call DeoptimizationBlob}
  0x0000017cf97e3098: 52e9 0219 | d6ff f4f4 
[/MachCode]


---------------  P R O C E S S  ---------------

Threads class SMR info:
_java_thread_list=0x0000017c8895e4d0, length=13, elements={
0x0000017cf7a30d30, 0x0000017c8874c920, 0x0000017c8874f360, 0x0000017c8874fc90,
0x0000017c88751470, 0x0000017c88751ae0, 0x0000017c887543e0, 0x0000017c88754a50,
0x0000017c889aa2c0, 0x0000017c889b0b10, 0x0000017cce0edb60, 0x0000017ccf2795d0,
0x0000017cce2f5c50
}

Java Threads: ( => current thread )
=>0x0000017cf7a30d30 JavaThread "main"                              [_thread_in_vm, id=14464, stack(0x0000005a51800000,0x0000005a51900000) (1024K)]
  0x0000017c8874c920 JavaThread "Reference Handler"          daemon [_thread_blocked, id=10416, stack(0x0000005a52000000,0x0000005a52100000) (1024K)]
  0x0000017c8874f360 JavaThread "Finalizer"                  daemon [_thread_blocked, id=13724, stack(0x0000005a52100000,0x0000005a52200000) (1024K)]
  0x0000017c8874fc90 JavaThread "Signal Dispatcher"          daemon [_thread_blocked, id=11984, stack(0x0000005a52200000,0x0000005a52300000) (1024K)]
  0x0000017c88751470 JavaThread "Attach Listener"            daemon [_thread_blocked, id=12692, stack(0x0000005a52300000,0x0000005a52400000) (1024K)]
  0x0000017c88751ae0 JavaThread "Service Thread"             daemon [_thread_blocked, id=7564, stack(0x0000005a52400000,0x0000005a52500000) (1024K)]
  0x0000017c887543e0 JavaThread "Monitor Deflation Thread"   daemon [_thread_blocked, id=2500, stack(0x0000005a52500000,0x0000005a52600000) (1024K)]
  0x0000017c88754a50 JavaThread "C1 CompilerThread0"         daemon [_thread_blocked, id=304, stack(0x0000005a52600000,0x0000005a52700000) (1024K)]
  0x0000017c889aa2c0 JavaThread "Notification Thread"        daemon [_thread_blocked, id=192, stack(0x0000005a52700000,0x0000005a52800000) (1024K)]
  0x0000017c889b0b10 JavaThread "Common-Cleaner"             daemon [_thread_blocked, id=12544, stack(0x0000005a52800000,0x0000005a52900000) (1024K)]
  0x0000017cce0edb60 JavaThread "C1 CompilerThread1"         daemon [_thread_blocked, id=12888, stack(0x0000005a52900000,0x0000005a52a00000) (1024K)]
  0x0000017ccf2795d0 JavaThread "HikariPool-1 housekeeper"   daemon [_thread_blocked, id=14736, stack(0x0000005a52d00000,0x0000005a52e00000) (1024K)]
  0x0000017cce2f5c50 JavaThread "HikariPool-1 connection adder" daemon [_thread_blocked, id=12076, stack(0x0000005a52e00000,0x0000005a52f00000) (1024K)]
Total: 13

Other Threads:
  0x0000017c88734090 VMThread "VM Thread"                           [id=5848, stack(0x0000005a51f00000,0x0000005a52000000) (1024K)] _threads_hazard_ptr=0x0000017c8895e4d0
  0x0000017c8872a500 WatcherThread "VM Periodic Task Thread"        [id=12096, stack(0x0000005a51e00000,0x0000005a51f00000) (1024K)]
  0x0000017cf7c968a0 WorkerThread "GC Thread#0"                     [id=4808, stack(0x0000005a51900000,0x0000005a51a00000) (1024K)]
  0x0000017cce388d80 WorkerThread "GC Thread#1"                     [id=11936, stack(0x0000005a52a00000,0x0000005a52b00000) (1024K)]
  0x0000017cce3a7b90 WorkerThread "GC Thread#2"                     [id=13388, stack(0x0000005a52b00000,0x0000005a52c00000) (1024K)]
  0x0000017cce3a7f40 WorkerThread "GC Thread#3"                     [id=15476, stack(0x0000005a52c00000,0x0000005a52d00000) (1024K)]
  0x0000017cf7c9fce0 ConcurrentGCThread "G1 Main Marker"            [id=12600, stack(0x0000005a51a00000,0x0000005a51b00000) (1024K)]
  0x0000017cf7ca09a0 WorkerThread "G1 Conc#0"                       [id=12120, stack(0x0000005a51b00000,0x0000005a51c00000) (1024K)]
  0x0000017cf7d01d20 ConcurrentGCThread "G1 Refine#0"               [id=14740, stack(0x0000005a51c00000,0x0000005a51d00000) (1024K)]
  0x0000017cf7d03520 ConcurrentGCThread "G1 Service"                [id=14984, stack(0x0000005a51d00000,0x0000005a51e00000) (1024K)]
Total: 10

Threads with active compile tasks:
Total: 0

VM state: synchronizing (normal execution)

VM Mutex/Monitor currently owned by a thread:  ([mutex/lock_event])
[0x00007ffa5f467f10] Metaspace_lock - owner thread: 0x0000017cf7a30d30
[0x00007ffa5f469f10] Threads_lock - owner thread: 0x0000017c88734090

Heap address: 0x00000000c1e00000, size: 994 MB, Compressed Oops mode: 32-bit

CDS archive(s) mapped at: [0x0000017c89000000-0x0000017c89c90000-0x0000017c89c90000), size 13172736, SharedBaseAddress: 0x0000017c89000000, ArchiveRelocationMode: 1.
Compressed class space mapped at: 0x0000017c8a000000-0x0000017cca000000, reserved size: 1073741824
Narrow klass base: 0x0000017c89000000, Narrow klass shift: 0, Narrow klass range: 0x100000000

GC Precious Log:
 CardTable entry size: 512
 Card Set container configuration: InlinePtr #cards 5 size 8 Array Of Cards #cards 12 size 40 Howl #buckets 4 coarsen threshold 1843 Howl Bitmap #cards 512 size 80 coarsen threshold 460 Card regions per heap region 1 cards per card region 2048
 CPUs: 4 total, 4 available
 Memory: 3974M
 Large Page Support: Disabled
 NUMA Support: Disabled
 Compressed Oops: Enabled (32-bit)
 Heap Region Size: 1M
 Heap Min Capacity: 8M
 Heap Initial Capacity: 64M
 Heap Max Capacity: 994M
 Pre-touch: Disabled
 Parallel Workers: 4
 Concurrent Workers: 1
 Concurrent Refinement Workers: 4
 Periodic GC: Disabled

Heap:
 garbage-first heap   total 61440K, used 44048K [0x00000000c1e00000, 0x0000000100000000)
  region size 1024K, 25 young (25600K), 4 survivors (4096K)
 Metaspace       used 49717K, committed 50240K, reserved 1114112K
  class space    used 6939K, committed 7168K, reserved 1048576K

Heap Regions: E=young(eden), S=young(survivor), O=old, HS=humongous(starts), HC=humongous(continues), CS=collection set, F=free, TAMS=top-at-mark-start, PB=parsable bottom
|   0|0x00000000c1e00000, 0x00000000c1f00000, 0x00000000c1f00000|100%|HS|  |TAMS 0x00000000c1e00000| PB 0x00000000c1e00000| Complete 
|   1|0x00000000c1f00000, 0x00000000c2000000, 0x00000000c2000000|100%|HS|  |TAMS 0x00000000c1f00000| PB 0x00000000c1f00000| Complete 
|   2|0x00000000c2000000, 0x00000000c2100000, 0x00000000c2100000|100%| O|  |TAMS 0x00000000c2000000| PB 0x00000000c2000000| Untracked 
|   3|0x00000000c2100000, 0x00000000c2200000, 0x00000000c2200000|100%| O|  |TAMS 0x00000000c2100000| PB 0x00000000c2100000| Untracked 
|   4|0x00000000c2200000, 0x00000000c2300000, 0x00000000c2300000|100%| O|  |TAMS 0x00000000c2200000| PB 0x00000000c2200000| Untracked 
|   5|0x00000000c2300000, 0x00000000c2400000, 0x00000000c2400000|100%| O|  |TAMS 0x00000000c2300000| PB 0x00000000c2300000| Untracked 
|   6|0x00000000c2400000, 0x00000000c2500000, 0x00000000c2500000|100%| O|  |TAMS 0x00000000c2400000| PB 0x00000000c2400000| Untracked 
|   7|0x00000000c2500000, 0x00000000c2600000, 0x00000000c2600000|100%| O|  |TAMS 0x00000000c2500000| PB 0x00000000c2500000| Untracked 
|   8|0x00000000c2600000, 0x00000000c2700000, 0x00000000c2700000|100%| O|  |TAMS 0x00000000c2600000| PB 0x00000000c2600000| Untracked 
|   9|0x00000000c2700000, 0x00000000c2800000, 0x00000000c2800000|100%| O|  |TAMS 0x00000000c2700000| PB 0x00000000c2700000| Untracked 
|  10|0x00000000c2800000, 0x00000000c2900000, 0x00000000c2900000|100%| O|  |TAMS 0x00000000c2800000| PB 0x00000000c2800000| Untracked 
|  11|0x00000000c2900000, 0x00000000c2a00000, 0x00000000c2a00000|100%| O|  |TAMS 0x00000000c2900000| PB 0x00000000c2900000| Untracked 
|  12|0x00000000c2a00000, 0x00000000c2b00000, 0x00000000c2b00000|100%| O|  |TAMS 0x00000000c2a00000| PB 0x00000000c2a00000| Untracked 
|  13|0x00000000c2b00000, 0x00000000c2c00000, 0x00000000c2c00000|100%| O|  |TAMS 0x00000000c2b00000| PB 0x00000000c2b00000| Untracked 
|  14|0x00000000c2c00000, 0x00000000c2d00000, 0x00000000c2d00000|100%| O|  |TAMS 0x00000000c2c00000| PB 0x00000000c2c00000| Untracked 
|  15|0x00000000c2d00000, 0x00000000c2e00000, 0x00000000c2e00000|100%| O|  |TAMS 0x00000000c2d00000| PB 0x00000000c2d00000| Untracked 
|  16|0x00000000c2e00000, 0x00000000c2f00000, 0x00000000c2f00000|100%| O|  |TAMS 0x00000000c2e00000| PB 0x00000000c2e00000| Untracked 
|  17|0x00000000c2f00000, 0x00000000c3000000, 0x00000000c3000000|100%| O|  |TAMS 0x00000000c2f00000| PB 0x00000000c2f00000| Untracked 
|  18|0x00000000c3000000, 0x00000000c3100000, 0x00000000c3100000|100%| O|  |TAMS 0x00000000c3000000| PB 0x00000000c3000000| Untracked 
|  19|0x00000000c3100000, 0x00000000c31ca580, 0x00000000c3200000| 79%| O|  |TAMS 0x00000000c3100000| PB 0x00000000c3100000| Untracked 
|  20|0x00000000c3200000, 0x00000000c3200000, 0x00000000c3300000|  0%| F|  |TAMS 0x00000000c3200000| PB 0x00000000c3200000| Untracked 
|  21|0x00000000c3300000, 0x00000000c3300000, 0x00000000c3400000|  0%| F|  |TAMS 0x00000000c3300000| PB 0x00000000c3300000| Untracked 
|  22|0x00000000c3400000, 0x00000000c3400000, 0x00000000c3500000|  0%| F|  |TAMS 0x00000000c3400000| PB 0x00000000c3400000| Untracked 
|  23|0x00000000c3500000, 0x00000000c3500000, 0x00000000c3600000|  0%| F|  |TAMS 0x00000000c3500000| PB 0x00000000c3500000| Untracked 
|  24|0x00000000c3600000, 0x00000000c3700000, 0x00000000c3700000|100%| O|Cm|TAMS 0x00000000c3600000| PB 0x00000000c3600000| Complete 
|  25|0x00000000c3700000, 0x00000000c3700000, 0x00000000c3800000|  0%| F|  |TAMS 0x00000000c3700000| PB 0x00000000c3700000| Untracked 
|  26|0x00000000c3800000, 0x00000000c3839b80, 0x00000000c3900000| 22%| S|CS|TAMS 0x00000000c3800000| PB 0x00000000c3800000| Complete 
|  27|0x00000000c3900000, 0x00000000c3a00000, 0x00000000c3a00000|100%| S|CS|TAMS 0x00000000c3900000| PB 0x00000000c3900000| Complete 
|  28|0x00000000c3a00000, 0x00000000c3b00000, 0x00000000c3b00000|100%| S|CS|TAMS 0x00000000c3a00000| PB 0x00000000c3a00000| Complete 
|  29|0x00000000c3b00000, 0x00000000c3c00000, 0x00000000c3c00000|100%| S|CS|TAMS 0x00000000c3b00000| PB 0x00000000c3b00000| Complete 
|  30|0x00000000c3c00000, 0x00000000c3c00000, 0x00000000c3d00000|  0%| F|  |TAMS 0x00000000c3c00000| PB 0x00000000c3c00000| Untracked 
|  31|0x00000000c3d00000, 0x00000000c3d00000, 0x00000000c3e00000|  0%| F|  |TAMS 0x00000000c3d00000| PB 0x00000000c3d00000| Untracked 
|  32|0x00000000c3e00000, 0x00000000c3e00000, 0x00000000c3f00000|  0%| F|  |TAMS 0x00000000c3e00000| PB 0x00000000c3e00000| Untracked 
|  33|0x00000000c3f00000, 0x00000000c3f00000, 0x00000000c4000000|  0%| F|  |TAMS 0x00000000c3f00000| PB 0x00000000c3f00000| Untracked 
|  34|0x00000000c4000000, 0x00000000c4000000, 0x00000000c4100000|  0%| F|  |TAMS 0x00000000c4000000| PB 0x00000000c4000000| Untracked 
|  35|0x00000000c4100000, 0x00000000c4100000, 0x00000000c4200000|  0%| F|  |TAMS 0x00000000c4100000| PB 0x00000000c4100000| Untracked 
|  36|0x00000000c4200000, 0x00000000c4200000, 0x00000000c4300000|  0%| F|  |TAMS 0x00000000c4200000| PB 0x00000000c4200000| Untracked 
|  37|0x00000000c4300000, 0x00000000c4300000, 0x00000000c4400000|  0%| F|  |TAMS 0x00000000c4300000| PB 0x00000000c4300000| Untracked 
|  38|0x00000000c4400000, 0x00000000c4400000, 0x00000000c4500000|  0%| F|  |TAMS 0x00000000c4400000| PB 0x00000000c4400000| Untracked 
|  39|0x00000000c4500000, 0x00000000c45fd408, 0x00000000c4600000| 98%| E|  |TAMS 0x00000000c4500000| PB 0x00000000c4500000| Complete 
|  40|0x00000000c4600000, 0x00000000c4700000, 0x00000000c4700000|100%| E|CS|TAMS 0x00000000c4600000| PB 0x00000000c4600000| Complete 
|  41|0x00000000c4700000, 0x00000000c4800000, 0x00000000c4800000|100%| E|  |TAMS 0x00000000c4700000| PB 0x00000000c4700000| Complete 
|  42|0x00000000c4800000, 0x00000000c4900000, 0x00000000c4900000|100%| E|CS|TAMS 0x00000000c4800000| PB 0x00000000c4800000| Complete 
|  43|0x00000000c4900000, 0x00000000c4a00000, 0x00000000c4a00000|100%| E|CS|TAMS 0x00000000c4900000| PB 0x00000000c4900000| Complete 
|  44|0x00000000c4a00000, 0x00000000c4b00000, 0x00000000c4b00000|100%| E|CS|TAMS 0x00000000c4a00000| PB 0x00000000c4a00000| Complete 
|  45|0x00000000c4b00000, 0x00000000c4c00000, 0x00000000c4c00000|100%| E|CS|TAMS 0x00000000c4b00000| PB 0x00000000c4b00000| Complete 
|  46|0x00000000c4c00000, 0x00000000c4d00000, 0x00000000c4d00000|100%| E|CS|TAMS 0x00000000c4c00000| PB 0x00000000c4c00000| Complete 
|  47|0x00000000c4d00000, 0x00000000c4e00000, 0x00000000c4e00000|100%| E|CS|TAMS 0x00000000c4d00000| PB 0x00000000c4d00000| Complete 
|  48|0x00000000c4e00000, 0x00000000c4f00000, 0x00000000c4f00000|100%| E|CS|TAMS 0x00000000c4e00000| PB 0x00000000c4e00000| Complete 
|  49|0x00000000c4f00000, 0x00000000c5000000, 0x00000000c5000000|100%| E|CS|TAMS 0x00000000c4f00000| PB 0x00000000c4f00000| Complete 
|  50|0x00000000c5000000, 0x00000000c5100000, 0x00000000c5100000|100%| E|CS|TAMS 0x00000000c5000000| PB 0x00000000c5000000| Complete 
|  51|0x00000000c5100000, 0x00000000c5200000, 0x00000000c5200000|100%| E|CS|TAMS 0x00000000c5100000| PB 0x00000000c5100000| Complete 
|  52|0x00000000c5200000, 0x00000000c5300000, 0x00000000c5300000|100%| E|CS|TAMS 0x00000000c5200000| PB 0x00000000c5200000| Complete 
|  53|0x00000000c5300000, 0x00000000c5400000, 0x00000000c5400000|100%| E|CS|TAMS 0x00000000c5300000| PB 0x00000000c5300000| Complete 
|  54|0x00000000c5400000, 0x00000000c5500000, 0x00000000c5500000|100%| E|CS|TAMS 0x00000000c5400000| PB 0x00000000c5400000| Complete 
|  55|0x00000000c5500000, 0x00000000c5600000, 0x00000000c5600000|100%| E|CS|TAMS 0x00000000c5500000| PB 0x00000000c5500000| Complete 
|  56|0x00000000c5600000, 0x00000000c5700000, 0x00000000c5700000|100%| E|CS|TAMS 0x00000000c5600000| PB 0x00000000c5600000| Complete 
|  57|0x00000000c5700000, 0x00000000c5800000, 0x00000000c5800000|100%| E|CS|TAMS 0x00000000c5700000| PB 0x00000000c5700000| Complete 
|  58|0x00000000c5800000, 0x00000000c5900000, 0x00000000c5900000|100%| E|CS|TAMS 0x00000000c5800000| PB 0x00000000c5800000| Complete 
|  63|0x00000000c5d00000, 0x00000000c5e00000, 0x00000000c5e00000|100%| E|CS|TAMS 0x00000000c5d00000| PB 0x00000000c5d00000| Complete 

Card table byte_map: [0x0000017cfcb90000,0x0000017cfcd90000] _byte_map_base: 0x0000017cfc581000

Marking Bits: (CMBitMap*) 0x0000017cf7c977c0
 Bits: [0x0000017cfcd90000, 0x0000017cfdd18000)

Polling page: 0x0000017cf94d0000

Metaspace:

Usage:
  Non-class:     41.78 MB used.
      Class:      6.78 MB used.
       Both:     48.55 MB used.

Virtual space:
  Non-class space:       64.00 MB reserved,      42.06 MB ( 66%) committed,  1 nodes.
      Class space:        1.00 GB reserved,       7.00 MB ( <1%) committed,  1 nodes.
             Both:        1.06 GB reserved,      49.06 MB (  5%) committed. 

Chunk freelists:
   Non-Class:  5.92 MB
       Class:  8.95 MB
        Both:  14.88 MB

MaxMetaspaceSize: unlimited
CompressedClassSpaceSize: 1.00 GB
Initial GC threshold: 21.00 MB
Current GC threshold: 59.06 MB
CDS: on
 - commit_granule_bytes: 65536.
 - commit_granule_words: 8192.
 - virtual_space_node_default_size: 8388608.
 - enlarge_chunks_in_place: 1.
 - use_allocation_guard: 0.


Internal statistics:

num_allocs_failed_limit: 6.
num_arena_births: 718.
num_arena_deaths: 0.
num_vsnodes_births: 2.
num_vsnodes_deaths: 0.
num_space_committed: 785.
num_space_uncommitted: 0.
num_chunks_returned_to_freelist: 6.
num_chunks_taken_from_freelist: 2541.
num_chunk_merges: 6.
num_chunk_splits: 1858.
num_chunks_enlarged: 1442.
num_inconsistent_stats: 0.

CodeCache: size=49152Kb used=8858Kb max_used=8858Kb free=40293Kb
 bounds [0x0000017cf94f0000, 0x0000017cf9da0000, 0x0000017cfc4f0000]
 total_blobs=5100 nmethods=4492 adapters=531
 compilation: enabled
              stopped_count=0, restarted_count=0
 full_count=0

Compilation events (20 events):
Event: 13.824 Thread 0x0000017c88754a50 nmethod 4531 0x0000017cf9d92910 code [0x0000017cf9d92ac0, 0x0000017cf9d92bf8]
Event: 13.824 Thread 0x0000017c88754a50 4533       1       org.hibernate.mapping.SimpleValue::getSelectables (5 bytes)
Event: 13.824 Thread 0x0000017c88754a50 nmethod 4533 0x0000017cf9d92d10 code [0x0000017cf9d92ea0, 0x0000017cf9d92f68]
Event: 13.824 Thread 0x0000017c88754a50 4534       1       org.hibernate.mapping.Property::getValue (5 bytes)
Event: 13.824 Thread 0x0000017c88754a50 nmethod 4534 0x0000017cf9d93010 code [0x0000017cf9d931a0, 0x0000017cf9d93268]
Event: 13.824 Thread 0x0000017cce0edb60 nmethod 4532 0x0000017cf9d93310 code [0x0000017cf9d934e0, 0x0000017cf9d937e8]
Event: 13.824 Thread 0x0000017c88754a50 4535       1       org.hibernate.mapping.BasicValue::getResolution (5 bytes)
Event: 13.824 Thread 0x0000017c88754a50 nmethod 4535 0x0000017cf9d93a10 code [0x0000017cf9d93ba0, 0x0000017cf9d93c70]
Event: 13.899 Thread 0x0000017c88754a50 4537       1       java.lang.invoke.MethodType::appendParameterTypes (10 bytes)
Event: 13.899 Thread 0x0000017c88754a50 nmethod 4537 0x0000017cf9d94010 code [0x0000017cf9d941c0, 0x0000017cf9d942b0]
Event: 13.926 Thread 0x0000017cce0edb60 4538       1       java.lang.Character::isDigit (9 bytes)
Event: 13.926 Thread 0x0000017c88754a50 4539       1       java.lang.CharacterDataLatin1::isDigit (18 bytes)
Event: 13.926 Thread 0x0000017c88754a50 nmethod 4539 0x0000017cf9d94d90 code [0x0000017cf9d94f20, 0x0000017cf9d95010]
Event: 13.926 Thread 0x0000017cce0edb60 nmethod 4538 0x0000017cf9d95090 code [0x0000017cf9d95240, 0x0000017cf9d95340]
Event: 13.961 Thread 0x0000017c88754a50 4540       1       org.hibernate.internal.util.collections.CaseInsensitiveDictionary::trueKey (8 bytes)
Event: 13.962 Thread 0x0000017c88754a50 nmethod 4540 0x0000017cf9d95410 code [0x0000017cf9d955c0, 0x0000017cf9d95708]
Event: 14.230 Thread 0x0000017c88754a50 4541       1       jdk.internal.org.objectweb.asm.MethodWriter::addSuccessorToCurrentBasicBlock (24 bytes)
Event: 14.230 Thread 0x0000017c88754a50 nmethod 4541 0x0000017cf9d96110 code [0x0000017cf9d962c0, 0x0000017cf9d96510]
Event: 14.231 Thread 0x0000017c88754a50 4542       1       org.hibernate.boot.registry.classloading.internal.AggregatedClassLoader$2::hasNext (44 bytes)
Event: 14.232 Thread 0x0000017c88754a50 nmethod 4542 0x0000017cf9d96610 code [0x0000017cf9d967c0, 0x0000017cf9d96958]

GC Heap History (18 events):
Event: 1.735 GC heap before
{Heap before GC invocations=0 (full 0):
 garbage-first heap   total 65536K, used 15360K [0x00000000c1e00000, 0x0000000100000000)
  region size 1024K, 13 young (13312K), 0 survivors (0K)
 Metaspace       used 2686K, committed 2944K, reserved 1114112K
  class space    used 319K, committed 448K, reserved 1048576K
}
Event: 1.744 GC heap after
{Heap after GC invocations=1 (full 0):
 garbage-first heap   total 65536K, used 7166K [0x00000000c1e00000, 0x0000000100000000)
  region size 1024K, 2 young (2048K), 2 survivors (2048K)
 Metaspace       used 2686K, committed 2944K, reserved 1114112K
  class space    used 319K, committed 448K, reserved 1048576K
}
Event: 2.900 GC heap before
{Heap before GC invocations=1 (full 0):
 garbage-first heap   total 65536K, used 18430K [0x00000000c1e00000, 0x0000000100000000)
  region size 1024K, 13 young (13312K), 2 survivors (2048K)
 Metaspace       used 5832K, committed 6080K, reserved 1114112K
  class space    used 762K, committed 896K, reserved 1048576K
}
Event: 2.910 GC heap after
{Heap after GC invocations=2 (full 0):
 garbage-first heap   total 65536K, used 8259K [0x00000000c1e00000, 0x0000000100000000)
  region size 1024K, 1 young (1024K), 1 survivors (1024K)
 Metaspace       used 5832K, committed 6080K, reserved 1114112K
  class space    used 762K, committed 896K, reserved 1048576K
}
Event: 4.649 GC heap before
{Heap before GC invocations=2 (full 0):
 garbage-first heap   total 65536K, used 36931K [0x00000000c1e00000, 0x0000000100000000)
  region size 1024K, 29 young (29696K), 1 survivors (1024K)
 Metaspace       used 12033K, committed 12352K, reserved 1114112K
  class space    used 1769K, committed 1920K, reserved 1048576K
}
Event: 4.656 GC heap after
{Heap after GC invocations=3 (full 0):
 garbage-first heap   total 65536K, used 10310K [0x00000000c1e00000, 0x0000000100000000)
  region size 1024K, 3 young (3072K), 3 survivors (3072K)
 Metaspace       used 12033K, committed 12352K, reserved 1114112K
  class space    used 1769K, committed 1920K, reserved 1048576K
}
Event: 5.567 GC heap before
{Heap before GC invocations=3 (full 0):
 garbage-first heap   total 65536K, used 45126K [0x00000000c1e00000, 0x0000000100000000)
  region size 1024K, 38 young (38912K), 3 survivors (3072K)
 Metaspace       used 18896K, committed 19264K, reserved 1114112K
  class space    used 2588K, committed 2752K, reserved 1048576K
}
Event: 5.578 GC heap after
{Heap after GC invocations=4 (full 0):
 garbage-first heap   total 65536K, used 13918K [0x00000000c1e00000, 0x0000000100000000)
  region size 1024K, 5 young (5120K), 5 survivors (5120K)
 Metaspace       used 18896K, committed 19264K, reserved 1114112K
  class space    used 2588K, committed 2752K, reserved 1048576K
}
Event: 6.898 GC heap before
{Heap before GC invocations=4 (full 0):
 garbage-first heap   total 65536K, used 36446K [0x00000000c1e00000, 0x0000000100000000)
  region size 1024K, 28 young (28672K), 5 survivors (5120K)
 Metaspace       used 21197K, committed 21504K, reserved 1114112K
  class space    used 2914K, committed 3072K, reserved 1048576K
}
Event: 6.916 GC heap after
{Heap after GC invocations=5 (full 0):
 garbage-first heap   total 65536K, used 16809K [0x00000000c1e00000, 0x0000000100000000)
  region size 1024K, 3 young (3072K), 3 survivors (3072K)
 Metaspace       used 21197K, committed 21504K, reserved 1114112K
  class space    used 2914K, committed 3072K, reserved 1048576K
}
Event: 9.297 GC heap before
{Heap before GC invocations=6 (full 0):
 garbage-first heap   total 61440K, used 50601K [0x00000000c1e00000, 0x0000000100000000)
  region size 1024K, 36 young (36864K), 3 survivors (3072K)
 Metaspace       used 26056K, committed 26496K, reserved 1114112K
  class space    used 3653K, committed 3840K, reserved 1048576K
}
Event: 9.319 GC heap after
{Heap after GC invocations=7 (full 0):
 garbage-first heap   total 61440K, used 19015K [0x00000000c1e00000, 0x0000000100000000)
  region size 1024K, 5 young (5120K), 5 survivors (5120K)
 Metaspace       used 26056K, committed 26496K, reserved 1114112K
  class space    used 3653K, committed 3840K, reserved 1048576K
}
Event: 11.030 GC heap before
{Heap before GC invocations=7 (full 0):
 garbage-first heap   total 61440K, used 49735K [0x00000000c1e00000, 0x0000000100000000)
  region size 1024K, 35 young (35840K), 5 survivors (5120K)
 Metaspace       used 31516K, committed 32064K, reserved 1114112K
  class space    used 4395K, committed 4672K, reserved 1048576K
}
Event: 11.056 GC heap after
{Heap after GC invocations=8 (full 0):
 garbage-first heap   total 61440K, used 21292K [0x00000000c1e00000, 0x0000000100000000)
  region size 1024K, 3 young (3072K), 3 survivors (3072K)
 Metaspace       used 31516K, committed 32064K, reserved 1114112K
  class space    used 4395K, committed 4672K, reserved 1048576K
}
Event: 11.800 GC heap before
{Heap before GC invocations=8 (full 0):
 garbage-first heap   total 61440K, used 35628K [0x00000000c1e00000, 0x0000000100000000)
  region size 1024K, 18 young (18432K), 3 survivors (3072K)
 Metaspace       used 35453K, committed 35968K, reserved 1114112K
  class space    used 5059K, committed 5312K, reserved 1048576K
}
Event: 11.811 GC heap after
{Heap after GC invocations=9 (full 0):
 garbage-first heap   total 61440K, used 22096K [0x00000000c1e00000, 0x0000000100000000)
  region size 1024K, 1 young (1024K), 1 survivors (1024K)
 Metaspace       used 35453K, committed 35968K, reserved 1114112K
  class space    used 5059K, committed 5312K, reserved 1048576K
}
Event: 13.313 GC heap before
{Heap before GC invocations=10 (full 0):
 garbage-first heap   total 61440K, used 51792K [0x00000000c1e00000, 0x0000000100000000)
  region size 1024K, 30 young (30720K), 1 survivors (1024K)
 Metaspace       used 43818K, committed 44352K, reserved 1114112K
  class space    used 6138K, committed 6400K, reserved 1048576K
}
Event: 13.323 GC heap after
{Heap after GC invocations=11 (full 0):
 garbage-first heap   total 61440K, used 24592K [0x00000000c1e00000, 0x0000000100000000)
  region size 1024K, 4 young (4096K), 4 survivors (4096K)
 Metaspace       used 43818K, committed 44352K, reserved 1114112K
  class space    used 6138K, committed 6400K, reserved 1048576K
}

Dll operation events (9 events):
Event: 0.013 Loaded shared library C:\Program Files\Java\jdk-21.0.10\bin\java.dll
Event: 0.247 Loaded shared library C:\Program Files\Java\jdk-21.0.10\bin\net.dll
Event: 0.251 Loaded shared library C:\Program Files\Java\jdk-21.0.10\bin\nio.dll
Event: 0.260 Loaded shared library C:\Program Files\Java\jdk-21.0.10\bin\zip.dll
Event: 0.674 Loaded shared library C:\Program Files\Java\jdk-21.0.10\bin\jimage.dll
Event: 5.635 Loaded shared library C:\Program Files\Java\jdk-21.0.10\bin\sunmscapi.dll
Event: 10.021 Loaded shared library C:\Program Files\Java\jdk-21.0.10\bin\management.dll
Event: 10.044 Loaded shared library C:\Program Files\Java\jdk-21.0.10\bin\management_ext.dll
Event: 11.545 Loaded shared library C:\Program Files\Java\jdk-21.0.10\bin\verify.dll

Deoptimization events (0 events):
No events

Classes loaded (20 events):
Event: 13.544 Loading class javax/naming/StringRefAddr
Event: 13.544 Loading class javax/naming/StringRefAddr done
Event: 13.605 Loading class java/util/concurrent/CompletionStage
Event: 13.606 Loading class java/util/concurrent/CompletionStage done
Event: 13.607 Loading class java/util/concurrent/CompletableFuture
Event: 13.608 Loading class java/util/concurrent/CompletableFuture done
Event: 13.609 Loading class java/util/concurrent/CompletableFuture$AltResult
Event: 13.609 Loading class java/util/concurrent/CompletableFuture$AltResult done
Event: 13.610 Loading class java/util/concurrent/CompletableFuture$Completion
Event: 13.610 Loading class java/util/concurrent/CompletableFuture$AsynchronousCompletionTask
Event: 13.610 Loading class java/util/concurrent/CompletableFuture$AsynchronousCompletionTask done
Event: 13.610 Loading class java/util/concurrent/CompletableFuture$Completion done
Event: 13.690 Loading class java/util/WeakHashMap$EntrySet
Event: 13.690 Loading class java/util/WeakHashMap$EntrySet done
Event: 13.690 Loading class java/util/WeakHashMap$EntryIterator
Event: 13.690 Loading class java/util/WeakHashMap$HashIterator
Event: 13.691 Loading class java/util/WeakHashMap$HashIterator done
Event: 13.691 Loading class java/util/WeakHashMap$EntryIterator done
Event: 13.844 Loading class java/util/concurrent/CancellationException
Event: 13.844 Loading class java/util/concurrent/CancellationException done

Classes unloaded (0 events):
No events

Classes redefined (0 events):
No events

Internal exceptions (20 events):
Event: 9.362 Thread 0x0000017cf7a30d30 Exception <a 'java/lang/NoSuchMethodError'{0x00000000c5de3da0}: 'java.lang.Object java.lang.invoke.DirectMethodHandle$Holder.newInvokeSpecial(java.lang.Object, java.lang.Object, java.lang.Object, int)'> (0x00000000c5de3da0) 
thrown [s\open\src\hotspot\share\interpreter\linkResolver.cpp, line 773]
Event: 9.363 Thread 0x0000017cf7a30d30 Exception <a 'java/lang/NoSuchMethodError'{0x00000000c5de7bf0}: 'java.lang.Object java.lang.invoke.DirectMethodHandle$Holder.invokeSpecial(java.lang.Object, java.lang.Object, java.lang.Object, java.lang.Object, int)'> (0x00000000c5de7bf0) 
thrown [s\open\src\hotspot\share\interpreter\linkResolver.cpp, line 773]
Event: 9.363 Thread 0x0000017cf7a30d30 Exception <a 'java/lang/NoSuchMethodError'{0x00000000c5deb088}: 'java.lang.Object java.lang.invoke.Invokers$Holder.linkToTargetMethod(java.lang.Object, java.lang.Object, int, java.lang.Object)'> (0x00000000c5deb088) 
thrown [s\open\src\hotspot\share\interpreter\linkResolver.cpp, line 773]
Event: 9.563 Thread 0x0000017cf7a30d30 Exception <a 'java/lang/NoSuchMethodError'{0x00000000c542acb8}: 'java.lang.Object java.lang.invoke.DirectMethodHandle$Holder.invokeStaticInit(java.lang.Object, int, int, int, int)'> (0x00000000c542acb8) 
thrown [s\open\src\hotspot\share\interpreter\linkResolver.cpp, line 773]
Event: 9.614 Thread 0x0000017cf7a30d30 Exception <a 'java/lang/NoSuchMethodError'{0x00000000c5478560}: 'java.lang.Object java.lang.invoke.DirectMethodHandle$Holder.invokeStaticInit(java.lang.Object, java.lang.Object, int, int, int, int)'> (0x00000000c5478560) 
thrown [s\open\src\hotspot\share\interpreter\linkResolver.cpp, line 773]
Event: 9.930 Thread 0x0000017cf7a30d30 Exception <a 'java/lang/NoSuchMethodError'{0x00000000c4f4ab28}: 'int java.lang.invoke.DirectMethodHandle$Holder.invokeVirtual(java.lang.Object, java.lang.Object, java.lang.Object, java.lang.Object)'> (0x00000000c4f4ab28) 
thrown [s\open\src\hotspot\share\interpreter\linkResolver.cpp, line 773]
Event: 9.931 Thread 0x0000017cf7a30d30 Exception <a 'java/lang/NoSuchMethodError'{0x00000000c4f4e3b8}: 'int java.lang.invoke.DelegatingMethodHandle$Holder.reinvoke_L(java.lang.Object, java.lang.Object, java.lang.Object, java.lang.Object)'> (0x00000000c4f4e3b8) 
thrown [s\open\src\hotspot\share\interpreter\linkResolver.cpp, line 773]
Event: 10.089 Thread 0x0000017cf7a30d30 Exception <a 'java/io/FileNotFoundException'{0x00000000c4e769c0}> (0x00000000c4e769c0) 
thrown [s\open\src\hotspot\share\prims\jni.cpp, line 520]
Event: 10.247 Thread 0x0000017cf7a30d30 Exception <a 'java/lang/NoSuchMethodError'{0x00000000c4b213c8}: 'int java.lang.invoke.DirectMethodHandle$Holder.invokeInterface(java.lang.Object, java.lang.Object, java.lang.Object, java.lang.Object)'> (0x00000000c4b213c8) 
thrown [s\open\src\hotspot\share\interpreter\linkResolver.cpp, line 773]
Event: 10.346 Thread 0x0000017cf7a30d30 Exception <a 'java/lang/NoSuchMethodError'{0x00000000c4a9d640}: 'void java.lang.invoke.Invokers$Holder.invokeExact_MT(java.lang.Object, java.lang.Object, java.lang.Object, java.lang.Object)'> (0x00000000c4a9d640) 
thrown [s\open\src\hotspot\share\interpreter\linkResolver.cpp, line 773]
Event: 10.354 Thread 0x0000017cf7a30d30 Exception <a 'java/lang/NoSuchMethodError'{0x00000000c4aa6d88}: 'void java.lang.invoke.Invokers$Holder.invokeExact_MT(java.lang.Object, java.lang.Object, int, java.lang.Object)'> (0x00000000c4aa6d88) 
thrown [s\open\src\hotspot\share\interpreter\linkResolver.cpp, line 773]
Event: 10.507 Thread 0x0000017cf7a30d30 Exception <a 'java/lang/NoSuchMethodError'{0x00000000c4484240}: 'java.lang.Object java.lang.invoke.DirectMethodHandle$Holder.newInvokeSpecial(java.lang.Object, java.lang.Object, java.lang.Object, java.lang.Object, java.lang.Object, java.lang.Object, java.lang.Object, java.lang.Object, java.lang.Object, java.lang.Object, java.lang.Object)'> (0x00000000c4484240) 
thrown [s\open\src\hotspot\share\interpreter\linkResolver.cpp, line 773]
Event: 10.748 Thread 0x0000017cf7a30d30 Exception <a 'java/lang/NoSuchMethodError'{0x00000000c4021448}: 'void java.lang.invoke.DelegatingMethodHandle$Holder.reinvoke_L(java.lang.Object, java.lang.Object, java.lang.Object, java.lang.Object, int, java.lang.Object, java.lang.Object, java.lang.Object)'> (0x00000000c4021448) 
thrown [s\open\src\hotspot\share\interpreter\linkResolver.cpp, line 773]
Event: 12.026 Thread 0x0000017cf7a30d30 Exception <a 'java/lang/NoSuchMethodError'{0x00000000c569f520}: 'int java.lang.invoke.DirectMethodHandle$Holder.invokeStatic(java.lang.Object)'> (0x00000000c569f520) 
thrown [s\open\src\hotspot\share\interpreter\linkResolver.cpp, line 773]
Event: 12.306 Thread 0x0000017cf7a30d30 Exception <a 'java/lang/NoSuchMethodError'{0x00000000c517a0c8}: 'void java.lang.invoke.DirectMethodHandle$Holder.invokeStaticInit(java.lang.Object, java.lang.Object, java.lang.Object, java.lang.Object, java.lang.Object)'> (0x00000000c517a0c8) 
thrown [s\open\src\hotspot\share\interpreter\linkResolver.cpp, line 773]
Event: 12.732 Thread 0x0000017cf7a30d30 Exception <a 'java/lang/NoSuchMethodError'{0x00000000c47f8010}: 'java.lang.Object java.lang.invoke.DirectMethodHandle$Holder.invokeStaticInit(java.lang.Object, java.lang.Object, java.lang.Object, java.lang.Object)'> (0x00000000c47f8010) 
thrown [s\open\src\hotspot\share\interpreter\linkResolver.cpp, line 773]
Event: 12.769 Thread 0x0000017cf7a30d30 Exception <a 'java/lang/NoSuchMethodError'{0x00000000c46ed548}: 'int java.lang.invoke.Invokers$Holder.invokeExact_MT(java.lang.Object, java.lang.Object)'> (0x00000000c46ed548) 
thrown [s\open\src\hotspot\share\interpreter\linkResolver.cpp, line 773]
Event: 13.861 Thread 0x0000017cf7a30d30 Exception <a 'java/lang/IncompatibleClassChangeError'{0x00000000c4d591e0}: Found class java.lang.Object, but interface was expected> (0x00000000c4d591e0) 
thrown [s\open\src\hotspot\share\interpreter\linkResolver.cpp, line 840]
Event: 13.898 Thread 0x0000017cf7a30d30 Exception <a 'java/lang/NoSuchMethodError'{0x00000000c4c18418}: 'java.lang.Object java.lang.invoke.DirectMethodHandle$Holder.invokeStatic(java.lang.Object, java.lang.Object, int, java.lang.Object)'> (0x00000000c4c18418) 
thrown [s\open\src\hotspot\share\interpreter\linkResolver.cpp, line 773]
Event: 13.899 Thread 0x0000017cf7a30d30 Exception <a 'java/lang/NoSuchMethodError'{0x00000000c4c1c430}: 'java.lang.Object java.lang.invoke.DirectMethodHandle$Holder.invokeStaticInit(java.lang.Object, java.lang.Object, int, java.lang.Object)'> (0x00000000c4c1c430) 
thrown [s\open\src\hotspot\share\interpreter\linkResolver.cpp, line 773]

ZGC Phase Switch (0 events):
No events

VM Operations (20 events):
Event: 11.030 Executing VM operation: G1CollectForAllocation (G1 Evacuation Pause)
Event: 11.056 Executing VM operation: G1CollectForAllocation (G1 Evacuation Pause) done
Event: 11.800 Executing VM operation: CollectForMetadataAllocation (Metadata GC Threshold)
Event: 11.811 Executing VM operation: CollectForMetadataAllocation (Metadata GC Threshold) done
Event: 11.902 Executing VM operation: G1PauseRemark
Event: 11.910 Executing VM operation: G1PauseRemark done
Event: 11.944 Executing VM operation: G1PauseCleanup
Event: 11.944 Executing VM operation: G1PauseCleanup done
Event: 12.226 Executing VM operation: HandshakeAllThreads (Deoptimize)
Event: 12.226 Executing VM operation: HandshakeAllThreads (Deoptimize) done
Event: 12.290 Executing VM operation: HandshakeAllThreads (Deoptimize)
Event: 12.290 Executing VM operation: HandshakeAllThreads (Deoptimize) done
Event: 12.311 Executing VM operation: HandshakeAllThreads (Deoptimize)
Event: 12.311 Executing VM operation: HandshakeAllThreads (Deoptimize) done
Event: 13.105 Executing VM operation: HandshakeAllThreads (Deoptimize)
Event: 13.105 Executing VM operation: HandshakeAllThreads (Deoptimize) done
Event: 13.105 Executing VM operation: Cleanup
Event: 13.106 Executing VM operation: Cleanup done
Event: 13.312 Executing VM operation: G1CollectForAllocation (G1 Evacuation Pause)
Event: 13.323 Executing VM operation: G1CollectForAllocation (G1 Evacuation Pause) done

Events (20 events):
Event: 11.909 Thread 0x0000017c88734090 flushing nmethod 0x0000017cf96a4590
Event: 11.909 Thread 0x0000017c88734090 flushing nmethod 0x0000017cf96a6190
Event: 11.909 Thread 0x0000017c88734090 flushing nmethod 0x0000017cf96b8a10
Event: 11.909 Thread 0x0000017c88734090 flushing nmethod 0x0000017cf96b9090
Event: 11.909 Thread 0x0000017c88734090 flushing nmethod 0x0000017cf97a2410
Event: 11.909 Thread 0x0000017c88734090 flushing nmethod 0x0000017cf9824690
Event: 11.909 Thread 0x0000017c88734090 flushing nmethod 0x0000017cf9855410
Event: 11.909 Thread 0x0000017c88734090 flushing nmethod 0x0000017cf98aa390
Event: 11.909 Thread 0x0000017c88734090 flushing nmethod 0x0000017cf98c7b90
Event: 11.909 Thread 0x0000017c88734090 flushing nmethod 0x0000017cf98d4510
Event: 11.909 Thread 0x0000017c88734090 flushing nmethod 0x0000017cf98edb10
Event: 11.909 Thread 0x0000017c88734090 flushing nmethod 0x0000017cf9a47890
Event: 11.909 Thread 0x0000017c88734090 flushing nmethod 0x0000017cf9a48390
Event: 11.909 Thread 0x0000017c88734090 flushing nmethod 0x0000017cf9a52810
Event: 11.909 Thread 0x0000017c88734090 flushing nmethod 0x0000017cf9a7e490
Event: 11.909 Thread 0x0000017c88734090 flushing nmethod 0x0000017cf9a7f090
Event: 11.909 Thread 0x0000017c88734090 flushing nmethod 0x0000017cf9affd10
Event: 11.909 Thread 0x0000017c88734090 flushing nmethod 0x0000017cf9b00610
Event: 12.594 Thread 0x0000017ccf2795d0 Thread added: 0x0000017ccf2795d0
Event: 12.702 Thread 0x0000017cce2f5c50 Thread added: 0x0000017cce2f5c50


Dynamic libraries:
0x00007ff64e580000 - 0x00007ff64e590000 	C:\Program Files\Java\jdk-21.0.10\bin\java.exe
0x00007ffab6bf0000 - 0x00007ffab6de8000 	C:\Windows\SYSTEM32\ntdll.dll
0x00007ffab5570000 - 0x00007ffab5632000 	C:\Windows\System32\KERNEL32.DLL
0x00007ffab42b0000 - 0x00007ffab45a6000 	C:\Windows\System32\KERNELBASE.dll
0x00007ffaafe30000 - 0x00007ffaafec4000 	C:\Windows\SYSTEM32\apphelp.dll
0x00007ffab48c0000 - 0x00007ffab49c0000 	C:\Windows\System32\ucrtbase.dll
0x00007ffa9afe0000 - 0x00007ffa9aff9000 	C:\Program Files\Java\jdk-21.0.10\bin\jli.dll
0x00007ffa9b920000 - 0x00007ffa9b93e000 	C:\Program Files\Java\jdk-21.0.10\bin\VCRUNTIME140.dll
0x00007ffab56b0000 - 0x00007ffab5761000 	C:\Windows\System32\ADVAPI32.dll
0x00007ffab4c10000 - 0x00007ffab4cae000 	C:\Windows\System32\msvcrt.dll
0x00007ffab5770000 - 0x00007ffab580f000 	C:\Windows\System32\sechost.dll
0x00007ffab4cb0000 - 0x00007ffab4dd0000 	C:\Windows\System32\RPCRT4.dll
0x00007ffab45b0000 - 0x00007ffab45d7000 	C:\Windows\System32\bcrypt.dll
0x00007ffab4dd0000 - 0x00007ffab4f71000 	C:\Windows\System32\USER32.dll
0x00007ffab4280000 - 0x00007ffab42a2000 	C:\Windows\System32\win32u.dll
0x00007ffab5810000 - 0x00007ffab583b000 	C:\Windows\System32\GDI32.dll
0x00007ffab4a40000 - 0x00007ffab4b59000 	C:\Windows\System32\gdi32full.dll
0x00007ffab4630000 - 0x00007ffab46cd000 	C:\Windows\System32\msvcp_win.dll
0x00007ffaa1700000 - 0x00007ffaa199b000 	C:\Windows\WinSxS\amd64_microsoft.windows.common-controls_6595b64144ccf1df_6.0.19041.6456_none_60b8a6cb71f64256\COMCTL32.dll
0x00007ffaac8a0000 - 0x00007ffaac8aa000 	C:\Windows\SYSTEM32\VERSION.dll
0x00007ffab5540000 - 0x00007ffab556f000 	C:\Windows\System32\IMM32.DLL
0x00007ffaa23c0000 - 0x00007ffaa23cc000 	C:\Program Files\Java\jdk-21.0.10\bin\vcruntime140_1.dll
0x00007ffa7fb00000 - 0x00007ffa7fb8d000 	C:\Program Files\Java\jdk-21.0.10\bin\msvcp140.dll
0x00007ffa5e820000 - 0x00007ffa5f547000 	C:\Program Files\Java\jdk-21.0.10\bin\server\jvm.dll
0x00007ffab6110000 - 0x00007ffab617b000 	C:\Windows\System32\WS2_32.dll
0x00007ffab40e0000 - 0x00007ffab412b000 	C:\Windows\SYSTEM32\POWRPROF.dll
0x00007ffa9f2d0000 - 0x00007ffa9f2f7000 	C:\Windows\SYSTEM32\WINMM.dll
0x00007ffab40c0000 - 0x00007ffab40d2000 	C:\Windows\SYSTEM32\UMPDC.dll
0x00007ffab2a90000 - 0x00007ffab2aa2000 	C:\Windows\SYSTEM32\kernel.appcore.dll
0x00007ffaa22d0000 - 0x00007ffaa22da000 	C:\Program Files\Java\jdk-21.0.10\bin\jimage.dll
0x00007ffab1fe0000 - 0x00007ffab21e1000 	C:\Windows\SYSTEM32\DBGHELP.DLL
0x00007ffa99ec0000 - 0x00007ffa99ef4000 	C:\Windows\SYSTEM32\dbgcore.DLL
0x00007ffab4830000 - 0x00007ffab48b2000 	C:\Windows\System32\bcryptPrimitives.dll
0x00007ffa98480000 - 0x00007ffa984a1000 	C:\Program Files\Java\jdk-21.0.10\bin\java.dll
0x00007ffab6320000 - 0x00007ffab6a90000 	C:\Windows\System32\SHELL32.dll
0x00007ffab22d0000 - 0x00007ffab2a75000 	C:\Windows\SYSTEM32\windows.storage.dll
0x00007ffab59c0000 - 0x00007ffab5d14000 	C:\Windows\System32\combase.dll
0x00007ffab3bd0000 - 0x00007ffab3bfb000 	C:\Windows\SYSTEM32\Wldp.dll
0x00007ffab5840000 - 0x00007ffab590d000 	C:\Windows\System32\OLEAUT32.dll
0x00007ffab6b00000 - 0x00007ffab6bad000 	C:\Windows\System32\SHCORE.dll
0x00007ffab61e0000 - 0x00007ffab623b000 	C:\Windows\System32\shlwapi.dll
0x00007ffab41b0000 - 0x00007ffab41d4000 	C:\Windows\SYSTEM32\profapi.dll
0x00007ffa984e0000 - 0x00007ffa984f1000 	C:\Program Files\Java\jdk-21.0.10\bin\net.dll
0x00007ffaa8b40000 - 0x00007ffaa8c4a000 	C:\Windows\SYSTEM32\WINHTTP.dll
0x00007ffab3930000 - 0x00007ffab399a000 	C:\Windows\system32\mswsock.dll
0x00007ffa97900000 - 0x00007ffa97916000 	C:\Program Files\Java\jdk-21.0.10\bin\nio.dll
0x00007ffa978e0000 - 0x00007ffa978f8000 	C:\Program Files\Java\jdk-21.0.10\bin\zip.dll
0x00007ffaa1af0000 - 0x00007ffaa1afe000 	C:\Program Files\Java\jdk-21.0.10\bin\sunmscapi.dll
0x00007ffab46d0000 - 0x00007ffab482d000 	C:\Windows\System32\CRYPT32.dll
0x00007ffab3c40000 - 0x00007ffab3c67000 	C:\Windows\SYSTEM32\ncrypt.dll
0x00007ffab3c00000 - 0x00007ffab3c3b000 	C:\Windows\SYSTEM32\NTASN1.dll
0x00007ffab3b20000 - 0x00007ffab3b38000 	C:\Windows\SYSTEM32\CRYPTSP.dll
0x00007ffab3250000 - 0x00007ffab3288000 	C:\Windows\system32\rsaenh.dll
0x00007ffab4130000 - 0x00007ffab415e000 	C:\Windows\SYSTEM32\USERENV.dll
0x00007ffab3b40000 - 0x00007ffab3b4c000 	C:\Windows\SYSTEM32\CRYPTBASE.dll
0x00007ffab3610000 - 0x00007ffab364b000 	C:\Windows\SYSTEM32\IPHLPAPI.DLL
0x00007ffab6af0000 - 0x00007ffab6af8000 	C:\Windows\System32\NSI.dll
0x00007ffaa0ee0000 - 0x00007ffaa0eea000 	C:\Program Files\Java\jdk-21.0.10\bin\management.dll
0x00007ffaa0ae0000 - 0x00007ffaa0aec000 	C:\Program Files\Java\jdk-21.0.10\bin\management_ext.dll
0x00007ffab6100000 - 0x00007ffab6108000 	C:\Windows\System32\PSAPI.DLL
0x00007ffaa1e60000 - 0x00007ffaa1e70000 	C:\Program Files\Java\jdk-21.0.10\bin\verify.dll

dbghelp: loaded successfully - version: 4.0.5 - missing functions: none
symbol engine: initialized successfully - sym options: 0x614 - pdb path: .;C:\Program Files\Java\jdk-21.0.10\bin;C:\Windows\SYSTEM32;C:\Windows\WinSxS\amd64_microsoft.windows.common-controls_6595b64144ccf1df_6.0.19041.6456_none_60b8a6cb71f64256;C:\Program Files\Java\jdk-21.0.10\bin\server

VM Arguments:
jvm_args: -XX:TieredStopAtLevel=1 
java_command: com.clinica.BackendReservasApplication
java_class_path (initial): D:\Escritorio\SOFTWARE III\Angular\Agendamiento-de-citas-medicas-main\Agendamiento-de-citas-medicas-main\backend-reservas\app-main\target\classes;C:\Users\Katherine\.m2\repository\com\clinica\shared\0.0.1-SNAPSHOT\shared-0.0.1-SNAPSHOT.jar;C:\Users\Katherine\.m2\repository\org\apache\tomcat\embed\tomcat-embed-el\10.1.36\tomcat-embed-el-10.1.36.jar;C:\Users\Katherine\.m2\repository\org\hibernate\validator\hibernate-validator\8.0.2.Final\hibernate-validator-8.0.2.Final.jar;C:\Users\Katherine\.m2\repository\jakarta\validation\jakarta.validation-api\3.0.2\jakarta.validation-api-3.0.2.jar;C:\Users\Katherine\.m2\repository\org\jboss\logging\jboss-logging\3.6.1.Final\jboss-logging-3.6.1.Final.jar;C:\Users\Katherine\.m2\repository\com\fasterxml\classmate\1.7.0\classmate-1.7.0.jar;C:\Users\Katherine\.m2\repository\com\zaxxer\HikariCP\5.1.0\HikariCP-5.1.0.jar;C:\Users\Katherine\.m2\repository\org\springframework\spring-jdbc\6.2.3\spring-jdbc-6.2.3.jar;C:\Users\Katherine\.m2\repository\org\hibernate\orm\hibernate-core\6.6.8.Final\hibernate-core-6.6.8.Final.jar;C:\Users\Katherine\.m2\repository\jakarta\persistence\jakarta.persistence-api\3.1.0\jakarta.persistence-api-3.1.0.jar;C:\Users\Katherine\.m2\repository\jakarta\transaction\jakarta.transaction-api\2.0.1\jakarta.transaction-api-2.0.1.jar;C:\Users\Katherine\.m2\repository\org\hibernate\common\hibernate-commons-annotations\7.0.3.Final\hibernate-commons-annotations-7.0.3.Final.jar;C:\Users\Katherine\.m2\repository\io\smallrye\jandex\3.2.0\jandex-3.2.0.jar;C:\Users\Katherine\.m2\repository\net\bytebuddy\byte-buddy\1.15.11\byte-buddy-1.15.11.jar;C:\Users\Katherine\.m2\repository\jakarta\xml\bind\jakarta.xml.bind-api\4.0.2\jakarta.xml.bind-api-4.0.2.jar;C:\Users\Katherine\.m2\repository\jakarta\activation\jakarta.activation-api\2.1.3\jakarta.activation-api-2.1.3.jar;C:\Users\Katherine\.m2\repository\org\glassfish\jaxb\jaxb-runtime\4.0.5\jaxb-runtime-4.0.5.jar;C:\Users\Katherine\.m2\repository\org\glassfish\jaxb\jaxb-core\4.0.5\jaxb-core-4.0.5.jar;C:\Users\Katherine\.m2\repository\org\eclipse\angus\angus-activation\2.0.2\angus-activation-2.0.2.jar;C:\Users\Katherine\.m2\repository\org\glassfish\jaxb\txw2\4.0.5\txw2-4.0.5.jar;C:\Users\Katherine\.m2\repository\com\sun\istack\istack-commons-runtime\4.1.2\istack-commons-runtime-4.1.2.jar;C:\Users\Katherine\.m2\repository\jakarta\inject\jakarta.inject-api\2.0.1\jakarta.inject-api-2.0.1.jar;C:\Users\Katherine\.m2\repository\org\antlr\antlr4-runtime\4.13.0\antlr4-runtime-4.13.0.jar;C:\Users\Katherine\.m2\repository\org\springframework\data\spring-data-jpa\3.4.3\spring-data-jpa-3.4.3.jar;C:\Users\Katherine\.m2\repository\org\springframework\data\spring-data-commons\3.4.3\spring-data-commons-3.4.3.jar;C:\Users\Katherine\.m2\repository\org\springframework\spring-orm\6.2.3\spring-orm-6.2.3.jar;C:\Users\Katherine\.m2\repository\org\springframework\spring-tx\6.2.3\spring-tx-6.2.3.jar;C:\Users\Katherine\.m2\repository\org\slf4j\slf4j-api\2.0.16\slf4j-api-2.0.16.jar;C:\Users\Katherine\.m2\repository\org\springframework\spring-aspects\6.2.3\spring-aspects-6.2.3.jar;C:\Users\Katherine\.m2\repository\org\aspectj\aspectjweaver\1.9.22.1\aspectjweaver-1.9.22.1.jar;C:\Users\Katherine\.m2\repository\com\clinica\users\0.0.1-SNAPSHOT\users-0.0.1-SNAPSHOT.jar;C:\Users\Katherine\.m2\repository\io\jsonwebtoken\jjwt-api\0.12.5\jjwt-api-0.12.5.jar;C:\Users\Katherine\.m2\repository\io\jsonwebtoken\jjwt-impl\0.12.5\jjwt-impl-0.12.5.jar;C:\Users\Katherine\.m2\repository\io\jsonwebtoken\jjwt-jackson\0.12.5\jjwt-jackson-0.12.5.jar;C:\Users\Katherine\.m2\repository\com\fasterxml\jackson\core\jackson-databind\2.18.2\jackson-databind-2.18.2.jar;C:\Users\Katherine\.m2\repository\com\fasterxml\jackson\core\jackson-annotations\2.18.2\jackson-annotations-2.18.2.jar;C:\Users\Katherine\.m2\repository\com\fasterxml\jackson\core\jackson-core\2.18.2\jackson-core-2.18.2.jar;C:\Users\Katherine\.m2\repository\com\clinica\doctors\0.0.1-SNAPSHOT\doctors-0.0.1-SNAPSHOT.jar;C:\Users\Katherine\.m2\repository\com\clinica\appointments\0.0.1-SNAPSHOT\appointments-0.0.1-SNAPSHOT.jar;C:\Users\Katherine\.m2\repository\com\h2database\h2\2.3.232\h2-2.3.232.jar;C:\Users\Katherine\.m2\repository\org\springframework\boot\spring-boot\3.4.3\spring-boot-3.4.3.jar;C:\Users\Katherine\.m2\repository\org\springframework\boot\spring-boot-autoconfigure\3.4.3\spring-boot-autoconfigure-3.4.3.jar;C:\Users\Katherine\.m2\repository\ch\qos\logback\logback-classic\1.5.16\logback-classic-1.5.16.jar;C:\Users\Katherine\.m2\repository\ch\qos\logback\logback-core\1.5.16\logback-core-1.5.16.jar;C:\Users\Katherine\.m2\repository\org\apache\logging\log4j\log4j-to-slf4j\2.24.3\log4j-to-slf4j-2.24.3.jar;C:\Users\Katherine\.m2\repository\org\apache\logging\log4j\log4j-api\2.24.3\log4j-api-2.24.3.jar;C:\Users\Katherine\.m2\repository\org\slf4j\jul-to-slf4j\2.0.16\jul-to-slf4j-2.0.16.jar;C:\Users\Katherine\.m2\repository\jakarta\annotation\jakarta.annotation-api\2.1.1\jakarta.annotation-api-2.1.1.jar;C:\Users\Katherine\.m2\repository\org\springframework\spring-core\6.2.3\spring-core-6.2.3.jar;C:\Users\Katherine\.m2\repository\org\springframework\spring-jcl\6.2.3\spring-jcl-6.2.3.jar;C:\Users\Katherine\.m2\repository\org\yaml\snakeyaml\2.3\snakeyaml-2.3.jar;C:\Users\Katherine\.m2\repository\com\fasterxml\jackson\datatype\jackson-datatype-jdk8\2.18.2\jackson-datatype-jdk8-2.18.2.jar;C:\Users\Katherine\.m2\repository\com\fasterxml\jackson\datatype\jackson-datatype-jsr310\2.18.2\jackson-datatype-jsr310-2.18.2.jar;C:\Users\Katherine\.m2\repository\com\fasterxml\jackson\module\jackson-module-parameter-names\2.18.2\jackson-module-parameter-names-2.18.2.jar;C:\Users\Katherine\.m2\repository\org\apache\tomcat\embed\tomcat-embed-core\10.1.36\tomcat-embed-core-10.1.36.jar;C:\Users\Katherine\.m2\repository\org\apache\tomcat\embed\tomcat-embed-websocket\10.1.36\tomcat-embed-websocket-10.1.36.jar;C:\Users\Katherine\.m2\repository\org\springframework\spring-web\6.2.3\spring-web-6.2.3.jar;C:\Users\Katherine\.m2\repository\org\springframework\spring-beans\6.2.3\spring-beans-6.2.3.jar;C:\Users\Katherine\.m2\repository\io\micrometer\micrometer-observation\1.14.4\micrometer-observation-1.14.4.jar;C:\Users\Katherine\.m2\repository\io\micrometer\micrometer-commons\1.14.4\micrometer-commons-1.14.4.jar;C:\Users\Katherine\.m2\repository\org\springframework\spring-webmvc\6.2.3\spring-webmvc-6.2.3.jar;C:\Users\Katherine\.m2\repository\org\springframework\spring-context\6.2.3\spring-context-6.2.3.jar;C:\Users\Katherine\.m2\repository\org\springframework\spring-expression\6.2.3\spring-expression-6.2.3.jar;C:\Users\Katherine\.m2\repository\org\postgresql\postgresql\42.7.5\postgresql-42.7.5.jar;C:\Users\Katherine\.m2\repository\org\checkerframework\checker-qual\3.48.3\checker-qual-3.48.3.jar;C:\Users\Katherine\.m2\repository\org\springframework\spring-aop\6.2.3\spring-aop-6.2.3.jar;C:\Users\Katherine\.m2\repository\org\springframework\security\spring-security-config\6.4.3\spring-security-config-6.4.3.jar;C:\Users\Katherine\.m2\repository\org\springframework\security\spring-security-core\6.4.3\spring-security-core-6.4.3.jar;C:\Users\Katherine\.m2\repository\org\springframework\security\spring-security-crypto\6.4.3\spring-security-crypto-6.4.3.jar;C:\Users\Katherine\.m2\repository\org\springframework\security\spring-security-web\6.4.3\spring-security-web-6.4.3.jar
Launcher Type: SUN_STANDARD

[Global flags]
     intx CICompilerCount                          = 3                                         {product} {ergonomic}
     uint ConcGCThreads                            = 1                                         {product} {ergonomic}
     uint G1ConcRefinementThreads                  = 4                                         {product} {ergonomic}
   size_t G1HeapRegionSize                         = 1048576                                   {product} {ergonomic}
    uintx GCDrainStackTargetSize                   = 64                                        {product} {ergonomic}
   size_t InitialHeapSize                          = 67108864                                  {product} {ergonomic}
   size_t MarkStackSize                            = 4194304                                   {product} {ergonomic}
   size_t MaxHeapSize                              = 1042284544                                {product} {ergonomic}
   size_t MaxNewSize                               = 624951296                                 {product} {ergonomic}
   size_t MinHeapDeltaBytes                        = 1048576                                   {product} {ergonomic}
   size_t MinHeapSize                              = 8388608                                   {product} {ergonomic}
    uintx NonNMethodCodeHeapSize                   = 4096                                   {pd product} {ergonomic}
    uintx NonProfiledCodeHeapSize                  = 0                                      {pd product} {ergonomic}
     bool ProfileInterpreter                       = false                                  {pd product} {command line}
    uintx ProfiledCodeHeapSize                     = 0                                      {pd product} {ergonomic}
   size_t SoftMaxHeapSize                          = 1042284544                             {manageable} {ergonomic}
     intx TieredStopAtLevel                        = 1                                         {product} {command line}
     bool UseCompressedOops                        = true                           {product lp64_product} {ergonomic}
     bool UseG1GC                                  = true                                      {product} {ergonomic}
     bool UseLargePagesIndividualAllocation        = false                                  {pd product} {ergonomic}

Logging:
Log output configuration:
 #0: stdout all=warning uptime,level,tags foldmultilines=false
 #1: stderr all=off uptime,level,tags foldmultilines=false

Environment Variables:
JAVA_HOME=C:\Program Files\Java\jdk-21.0.10
PATH=c:\Users\Katherine\AppData\Roaming\Code\User\globalStorage\github.copilot-chat\debugCommand;c:\Users\Katherine\AppData\Roaming\Code\User\globalStorage\github.copilot-chat\copilotCli;D:\Microsoft VS Code;%JAVA_HOME%\bin;C:\Windows\system32;C:\Windows;C:\Windows\System32\Wbem;C:\Windows\System32\WindowsPowerShell\v1.0\;C:\Windows\System32\OpenSSH\;D:\Git\cmd;D:\Program Files\nodejs\;C:\Users\Katherine\AppData\Local\Microsoft\WindowsApps;D:\Microsoft VS Code\bin;D:\Node.js;C:\Users\Katherine\AppData\Roaming\npm;C:\Program Files\Java\jdk-21.0.10\bin;c:\Users\Katherine\.vscode\extensions\vscjava.vscode-java-debug-0.58.5\bundled\scripts\noConfigScripts
USERNAME=Katherine
LANG=en_US.UTF-8
OS=Windows_NT
PROCESSOR_IDENTIFIER=Intel64 Family 6 Model 142 Stepping 9, GenuineIntel
TMP=C:\Users\KATHER~1\AppData\Local\Temp
TEMP=C:\Users\KATHER~1\AppData\Local\Temp




Periodic native trim disabled

---------------  S Y S T E M  ---------------

OS:
 Windows 10 , 64 bit Build 19041 (10.0.19041.5915)
OS uptime: 53 days 1:58 hours

CPU: total 4 (initial active 4) (2 cores per cpu, 2 threads per core) family 6 model 142 stepping 9 microcode 0xb4, cx8, cmov, fxsr, ht, mmx, 3dnowpref, sse, sse2, sse3, ssse3, sse4.1, sse4.2, popcnt, lzcnt, tsc, tscinvbit, avx, avx2, aes, erms, clmul, bmi1, bmi2, adx, fma, vzeroupper, clflush, clflushopt, rdtscp, f16c
Processor Information for processor 0
  Max Mhz: 2304, Current Mhz: 2304, Mhz Limit: 2304
Processor Information for processor 1
  Max Mhz: 2304, Current Mhz: 2304, Mhz Limit: 2304
Processor Information for processor 2
  Max Mhz: 2304, Current Mhz: 2304, Mhz Limit: 2304
Processor Information for processor 3
  Max Mhz: 2304, Current Mhz: 1402, Mhz Limit: 2304

Memory: 4k page, system-wide physical 3974M (202M free)
TotalPageFile size 13761M (AvailPageFile size 87M)
current process WorkingSet (physical memory assigned to process): 182M, peak: 182M
current process commit charge ("private bytes"): 213M, peak: 213M

vm_info: Java HotSpot(TM) 64-Bit Server VM (21.0.10+8-LTS-217) for windows-amd64 JRE (21.0.10+8-LTS-217), built on 2025-12-18T14:59:28Z by "mach5run" with MS VC++ 17.13 (VS2022)

END.
